"";"wed_ID";"plg_ID";"wed_UitPloeg";"wed_ThuisPloeg";"FTA";"FTM";"FG2A";"FG2M";"FG3M";"FG3A";"OR";"DR";"TO";"Minuten";"plg_Name";"plg_ShortName";"opp_wed_ID";"opp_plg_ID";"opp_wed_UitPloeg";"opp_wed_ThuisPloeg";"opp_FTA";"opp_FTM";"opp_FG2A";"opp_FG2M";"opp_FG3M";"opp_FG3A";"opp_OR";"opp_DR";"opp_TO";"opp_Minuten";"opp_plg_Name";"opp_plg_ShortName";"FTtrips";"opp_FTtrips";"pts";"opp_pts";"Win";"Loss";"plays";"opp_plays";"ps";"opp_ps";"avgps";"WARNING";"pace";"Ortg";"Drtg";"Nrtg";"Home";"EFGpct";"ORpct";"TOpct";"FT4f";"opp_EFGpct";"opp_ORpct";"opp_TOpct";"opp_FT4f";"FG2Apct";"FG3Apct";"FTTpct";"FG2pct";"FG3pct";"FTpct";"wed_ID.1";"plg_ID.1";"spl_Minuten";"spl_FTA";"spl_FTM";"spl_FG2A";"spl_FG2M";"spl_FG3M";"spl_FG3A";"spl_OR";"spl_DR";"spl_TO";"spl_ID";"spl_PF";"spl_Ast";"spl_Stl";"spl_Blk";"spl_MinutesRatio";"spl_Plays";"spl_USGpct";"spl_PTS";"spl_PPP";"spl_FTperFG";"spl_FG3AperFG";"spl_EFGpct";"spl_TSpct";"spl_Finishes";"spl_Astpct";"spl_TRpct";"spl_DRpct";"spl_ORpct";"spl_Stlpct";"spl_Blkpct"
"1";799981;3107;3107;8594;13;8;40;17;8;27;6;19;15;200;"BS Leiden";"BS Leide";799981;8594;3107;8594;25;19;31;22;14;30;6;40;15;200;"Donar Groningen";"Donar Gr";5,98;11,5;66;105;FALSE;TRUE;87,98;87,5;82,1182608695652;81,08;82;FALSE;81,5991304347826;80,4878048780488;128,048780487805;-47,5609756097561;FALSE;0,432835820895522;0,130434782608696;0,182926829268293;0,119402985074627;0,704918032786885;0,24;0,182926829268293;0,311475409836066;0,548095368594135;0,369964373801041;0,0819402576048232;0,425;0,296296296296296;0,615384615384615;799981;3107;3;0;0;0;0;0;0;0;0;2;"3107 Rens  Butter";0;1;0;0;0,075;2;0,303099189209669;0;0;NA;NA;NA;NA;3;0,533333333333333;0;0;0;0;0
"2";799981;3107;3107;8594;13;8;40;17;8;27;6;19;15;200;"BS Leiden";"BS Leide";799981;8594;3107;8594;25;19;31;22;14;30;6;40;15;200;"Donar Groningen";"Donar Gr";5,98;11,5;66;105;FALSE;TRUE;87,98;87,5;82,1182608695652;81,08;82;FALSE;81,5991304347826;80,4878048780488;128,048780487805;-47,5609756097561;FALSE;0,432835820895522;0,130434782608696;0,182926829268293;0,119402985074627;0,704918032786885;0,24;0,182926829268293;0,311475409836066;0,548095368594135;0,369964373801041;0,0819402576048232;0,425;0,296296296296296;0,615384615384615;799981;3107;12;0;0;2;0;1;1;1;1;0;"3107 Floris  Versteeg";1;0;0;0;0,3;3;0,113662195953626;3;1;0;0,333333333333333;0,5;0,5;3;0;0,0938967136150235;0,133333333333333;0,072463768115942;0;0
"3";799981;3107;3107;8594;13;8;40;17;8;27;6;19;15;200;"BS Leiden";"BS Leide";799981;8594;3107;8594;25;19;31;22;14;30;6;40;15;200;"Donar Groningen";"Donar Gr";5,98;11,5;66;105;FALSE;TRUE;87,98;87,5;82,1182608695652;81,08;82;FALSE;81,5991304347826;80,4878048780488;128,048780487805;-47,5609756097561;FALSE;0,432835820895522;0,130434782608696;0,182926829268293;0,119402985074627;0,704918032786885;0,24;0,182926829268293;0,311475409836066;0,548095368594135;0,369964373801041;0,0819402576048232;0,425;0,296296296296296;0,615384615384615;799981;3107;13;0;0;3;0;1;1;0;2;1;"3107 Marijn  Ververs";2;0;2;0;0,325;5;0,174864916851732;3;0,6;0;0,25;0,375;0,375;5;0;0,0866738894907909;0,246153846153846;0;0,0758984478767409;0
"4";799981;3107;3107;8594;13;8;40;17;8;27;6;19;15;200;"BS Leiden";"BS Leide";799981;8594;3107;8594;25;19;31;22;14;30;6;40;15;200;"Donar Groningen";"Donar Gr";5,98;11,5;66;105;FALSE;TRUE;87,98;87,5;82,1182608695652;81,08;82;FALSE;81,5991304347826;80,4878048780488;128,048780487805;-47,5609756097561;FALSE;0,432835820895522;0,130434782608696;0,182926829268293;0,119402985074627;0,704918032786885;0,24;0,182926829268293;0,311475409836066;0,548095368594135;0,369964373801041;0,0819402576048232;0,425;0,296296296296296;0,615384615384615;799981;3107;16;0;0;4;1;0;3;0;1;0;"3107 Jessey  Voorn";2;2;0;0;0,4;7;0,198908842918845;2;0,285714285714286;0;0,428571428571429;0,142857142857143;0,142857142857143;9;0,222222222222222;0,0352112676056338;0,1;0;0;0
"5";799981;3107;3107;8594;13;8;40;17;8;27;6;19;15;200;"BS Leiden";"BS Leide";799981;8594;3107;8594;25;19;31;22;14;30;6;40;15;200;"Donar Groningen";"Donar Gr";5,98;11,5;66;105;FALSE;TRUE;87,98;87,5;82,1182608695652;81,08;82;FALSE;81,5991304347826;80,4878048780488;128,048780487805;-47,5609756097561;FALSE;0,432835820895522;0,130434782608696;0,182926829268293;0,119402985074627;0,704918032786885;0,24;0,182926829268293;0,311475409836066;0,548095368594135;0,369964373801041;0,0819402576048232;0,425;0,296296296296296;0,615384615384615;799981;3107;17;1;1;1;1;0;2;1;3;0;"3107 Alex  Olah";1;0;0;0;0,425;3,46;0,0925343995293048;3;0,867052023121387;0,333333333333333;0,666666666666667;0,333333333333333;0,433526011560694;3,46;0;0,132560066280033;0,282352941176471;0,051150895140665;0;0
"6";799981;3107;3107;8594;13;8;40;17;8;27;6;19;15;200;"BS Leiden";"BS Leide";799981;8594;3107;8594;25;19;31;22;14;30;6;40;15;200;"Donar Groningen";"Donar Gr";5,98;11,5;66;105;FALSE;TRUE;87,98;87,5;82,1182608695652;81,08;82;FALSE;81,5991304347826;80,4878048780488;128,048780487805;-47,5609756097561;FALSE;0,432835820895522;0,130434782608696;0,182926829268293;0,119402985074627;0,704918032786885;0,24;0,182926829268293;0,311475409836066;0,548095368594135;0,369964373801041;0,0819402576048232;0,425;0,296296296296296;0,615384615384615;799981;3107;22;2;1;7;1;0;0;2;0;1;"3107 Mohamed  Kherrazi";4;5;0;0;0,55;8,92;0,184339415982971;3;0,336322869955157;0,285714285714286;0;0,142857142857143;0,189393939393939;13,92;0,392156862745098;0,0512163892445582;0;0,0790513833992095;0;0
"7";799981;3107;3107;8594;13;8;40;17;8;27;6;19;15;200;"BS Leiden";"BS Leide";799981;8594;3107;8594;25;19;31;22;14;30;6;40;15;200;"Donar Groningen";"Donar Gr";5,98;11,5;66;105;FALSE;TRUE;87,98;87,5;82,1182608695652;81,08;82;FALSE;81,5991304347826;80,4878048780488;128,048780487805;-47,5609756097561;FALSE;0,432835820895522;0,130434782608696;0,182926829268293;0,119402985074627;0,704918032786885;0,24;0,182926829268293;0,311475409836066;0,548095368594135;0,369964373801041;0,0819402576048232;0,425;0,296296296296296;0,615384615384615;799981;3107;25;2;2;4;3;1;4;0;3;2;"3107 Clayton  Vette";1;0;1;0;0,625;10,92;0,198590588770175;11;1,00732600732601;0,25;0,5;0,5625;0,616591928251121;10,92;0;0,0676056338028169;0,192;0;0,0197335964479526;0
"8";799981;3107;3107;8594;13;8;40;17;8;27;6;19;15;200;"BS Leiden";"BS Leide";799981;8594;3107;8594;25;19;31;22;14;30;6;40;15;200;"Donar Groningen";"Donar Gr";5,98;11,5;66;105;FALSE;TRUE;87,98;87,5;82,1182608695652;81,08;82;FALSE;81,5991304347826;80,4878048780488;128,048780487805;-47,5609756097561;FALSE;0,432835820895522;0,130434782608696;0,182926829268293;0,119402985074627;0,704918032786885;0,24;0,182926829268293;0,311475409836066;0,548095368594135;0,369964373801041;0,0819402576048232;0,425;0,296296296296296;0,615384615384615;799981;3107;27;0;0;2;1;1;5;1;3;2;"3107 Sergio de Randamie";3;2;1;0;0,675;9;0,151549594604834;5;0,555555555555556;0;0,714285714285714;0,357142857142857;0,357142857142857;11;0,134453781512605;0,0834637454355764;0,177777777777778;0,0322061191626409;0,0182718485629191;0
"9";799981;3107;3107;8594;13;8;40;17;8;27;6;19;15;200;"BS Leiden";"BS Leide";799981;8594;3107;8594;25;19;31;22;14;30;6;40;15;200;"Donar Groningen";"Donar Gr";5,98;11,5;66;105;FALSE;TRUE;87,98;87,5;82,1182608695652;81,08;82;FALSE;81,5991304347826;80,4878048780488;128,048780487805;-47,5609756097561;FALSE;0,432835820895522;0,130434782608696;0,182926829268293;0,119402985074627;0,704918032786885;0,24;0,182926829268293;0,311475409836066;0,548095368594135;0,369964373801041;0,0819402576048232;0,425;0,296296296296296;0,615384615384615;799981;3107;31;4;4;4;2;2;5;1;4;6;"3107 Worthy de Jong";2;6;2;0;0,775;16,84;0,246976952239879;14;0,831353919239905;0,444444444444444;0,555555555555556;0,555555555555556;0,645756457564576;22,84;0,390243902439024;0,0908677873693776;0,206451612903226;0,0280504908835905;0,0318283813676655;0
"10";799981;3107;3107;8594;13;8;40;17;8;27;6;19;15;200;"BS Leiden";"BS Leide";799981;8594;3107;8594;25;19;31;22;14;30;6;40;15;200;"Donar Groningen";"Donar Gr";5,98;11,5;66;105;FALSE;TRUE;87,98;87,5;82,1182608695652;81,08;82;FALSE;81,5991304347826;80,4878048780488;128,048780487805;-47,5609756097561;FALSE;0,432835820895522;0,130434782608696;0,182926829268293;0,119402985074627;0,704918032786885;0,24;0,182926829268293;0,311475409836066;0,548095368594135;0,369964373801041;0,0819402576048232;0,425;0,296296296296296;0,615384615384615;799981;3107;34;4;0;13;8;2;6;0;2;1;"3107 Carrington  Love";1;4;3;0;0,85;21,84;0,292044983485552;22;1,00732600732601;0,210526315789474;0,315789473684211;0,578947368421053;0,527831094049904;25,84;0,355555555555556;0,0331400165700083;0,0941176470588235;0;0,0435299921646014;0
"11";799981;8594;3107;8594;25;19;31;22;14;30;6;40;15;200;"Donar Groningen";"Donar Gr";799981;3107;3107;8594;13;8;40;17;8;27;6;19;15;200;"BS Leiden";"BS Leide";11,5;5,98;105;66;TRUE;FALSE;87,5;87,98;81,08;82,1182608695652;82;FALSE;81,5991304347826;128,048780487805;80,4878048780488;47,5609756097561;TRUE;0,704918032786885;0,24;0,182926829268293;0,311475409836066;0,432835820895522;0,130434782608696;0,182926829268293;0,119402985074627;0,427586206896552;0,413793103448276;0,158620689655172;0,709677419354839;0,466666666666667;0,76;799981;8594;2;0;0;0;0;0;0;0;0;0;"8594 Tim  Hoeve";0;1;0;0;0,05;0;0;0;NA;NA;NA;NA;NA;1;0,555555555555556;0;0;0;0;0
"12";799981;8594;3107;8594;25;19;31;22;14;30;6;40;15;200;"Donar Groningen";"Donar Gr";799981;3107;3107;8594;13;8;40;17;8;27;6;19;15;200;"BS Leiden";"BS Leide";11,5;5,98;105;66;TRUE;FALSE;87,5;87,98;81,08;82,1182608695652;82;FALSE;81,5991304347826;128,048780487805;80,4878048780488;47,5609756097561;TRUE;0,704918032786885;0,24;0,182926829268293;0,311475409836066;0,432835820895522;0,130434782608696;0,182926829268293;0,119402985074627;0,427586206896552;0,413793103448276;0,158620689655172;0,709677419354839;0,466666666666667;0,76;799981;8594;3;0;0;1;1;0;0;0;0;1;"8594 Sjoerd  Koopmans";0;0;1;0;0,075;2;0,304761904761905;2;1;0;0;1;1;2;0;0;0;0;0,162367458737487;0
"13";799981;8594;3107;8594;25;19;31;22;14;30;6;40;15;200;"Donar Groningen";"Donar Gr";799981;3107;3107;8594;13;8;40;17;8;27;6;19;15;200;"BS Leiden";"BS Leide";11,5;5,98;105;66;TRUE;FALSE;87,5;87,98;81,08;82,1182608695652;82;FALSE;81,5991304347826;128,048780487805;80,4878048780488;47,5609756097561;TRUE;0,704918032786885;0,24;0,182926829268293;0,311475409836066;0,432835820895522;0,130434782608696;0,182926829268293;0,119402985074627;0,427586206896552;0,413793103448276;0,158620689655172;0,709677419354839;0,466666666666667;0,76;799981;8594;4;0;0;2;2;0;0;0;0;0;"8594 Rienk  Mast";0;0;0;0;0,1;2;0,228571428571429;4;2;0;0;1;1;2;0;0;0;0;0;0
"14";799981;8594;3107;8594;25;19;31;22;14;30;6;40;15;200;"Donar Groningen";"Donar Gr";799981;3107;3107;8594;13;8;40;17;8;27;6;19;15;200;"BS Leiden";"BS Leide";11,5;5,98;105;66;TRUE;FALSE;87,5;87,98;81,08;82,1182608695652;82;FALSE;81,5991304347826;128,048780487805;80,4878048780488;47,5609756097561;TRUE;0,704918032786885;0,24;0,182926829268293;0,311475409836066;0,432835820895522;0,130434782608696;0,182926829268293;0,119402985074627;0,427586206896552;0,413793103448276;0,158620689655172;0,709677419354839;0,466666666666667;0,76;799981;8594;13;4;3;4;3;0;0;1;4;1;"8594 Evan  Bruinsma";3;5;0;0;0,325;6,84;0,240527472527473;9;1,31578947368421;1;0;0,75;0,770547945205479;11,84;0,574712643678161;0,216684723726977;0,267558528428094;0,123076923076923;0;0
"15";799981;8594;3107;8594;25;19;31;22;14;30;6;40;15;200;"Donar Groningen";"Donar Gr";799981;3107;3107;8594;13;8;40;17;8;27;6;19;15;200;"BS Leiden";"BS Leide";11,5;5,98;105;66;TRUE;FALSE;87,5;87,98;81,08;82,1182608695652;82;FALSE;81,5991304347826;128,048780487805;80,4878048780488;47,5609756097561;TRUE;0,704918032786885;0,24;0,182926829268293;0,311475409836066;0,432835820895522;0,130434782608696;0,182926829268293;0,119402985074627;0,427586206896552;0,413793103448276;0,158620689655172;0,709677419354839;0,466666666666667;0,76;799981;8594;20;2;1;2;2;2;5;0;4;1;"8594 Arvin  Slagter";2;4;0;0;0,5;8,92;0,203885714285714;11;1,23318385650224;0,285714285714286;0,714285714285714;0,714285714285714;0,694444444444444;12,92;0,285714285714286;0,112676056338028;0,173913043478261;0;0;0
"16";799981;8594;3107;8594;25;19;31;22;14;30;6;40;15;200;"Donar Groningen";"Donar Gr";799981;3107;3107;8594;13;8;40;17;8;27;6;19;15;200;"BS Leiden";"BS Leide";11,5;5,98;105;66;TRUE;FALSE;87,5;87,98;81,08;82,1182608695652;82;FALSE;81,5991304347826;128,048780487805;80,4878048780488;47,5609756097561;TRUE;0,704918032786885;0,24;0,182926829268293;0,311475409836066;0,432835820895522;0,130434782608696;0,182926829268293;0,119402985074627;0,427586206896552;0,413793103448276;0,158620689655172;0,709677419354839;0,466666666666667;0,76;799981;8594;20;3;2;3;2;0;1;0;6;1;"8594 Thomas  Koenis";2;3;1;1;0,5;6,38;0,145828571428571;6;0,940438871473354;0,75;0,25;0,5;0,557620817843866;9,38;0,1875;0,169014084507042;0,260869565217391;0;0,0243551188106231;0,05
"17";799981;8594;3107;8594;25;19;31;22;14;30;6;40;15;200;"Donar Groningen";"Donar Gr";799981;3107;3107;8594;13;8;40;17;8;27;6;19;15;200;"BS Leiden";"BS Leide";11,5;5,98;105;66;TRUE;FALSE;87,5;87,98;81,08;82,1182608695652;82;FALSE;81,5991304347826;128,048780487805;80,4878048780488;47,5609756097561;TRUE;0,704918032786885;0,24;0,182926829268293;0,311475409836066;0,432835820895522;0,130434782608696;0,182926829268293;0,119402985074627;0,427586206896552;0,413793103448276;0,158620689655172;0,709677419354839;0,466666666666667;0,76;799981;8594;20;4;3;5;4;2;3;0;3;0;"8594 Drago  Pasalic";0;4;0;0;0,5;9,84;0,224914285714286;17;1,72764227642276;0,5;0,375;0,875;0,863821138211382;13,84;0,333333333333333;0,0845070422535211;0,130434782608696;0;0;0
"18";799981;8594;3107;8594;25;19;31;22;14;30;6;40;15;200;"Donar Groningen";"Donar Gr";799981;3107;3107;8594;13;8;40;17;8;27;6;19;15;200;"BS Leiden";"BS Leide";11,5;5,98;105;66;TRUE;FALSE;87,5;87,98;81,08;82,1182608695652;82;FALSE;81,5991304347826;128,048780487805;80,4878048780488;47,5609756097561;TRUE;0,704918032786885;0,24;0,182926829268293;0,311475409836066;0,432835820895522;0,130434782608696;0,182926829268293;0,119402985074627;0,427586206896552;0,413793103448276;0,158620689655172;0,709677419354839;0,466666666666667;0,76;799981;8594;23;0;0;0;0;2;4;1;1;4;"8594 Sean  Cunningham";1;2;1;0;0,575;8;0,159006211180124;6;0,75;0;1;0,75;0,75;10;0,106951871657754;0,0489895897121862;0,0378071833648393;0,0695652173913044;0,0211783641831505;0
"19";799981;8594;3107;8594;25;19;31;22;14;30;6;40;15;200;"Donar Groningen";"Donar Gr";799981;3107;3107;8594;13;8;40;17;8;27;6;19;15;200;"BS Leiden";"BS Leide";11,5;5,98;105;66;TRUE;FALSE;87,5;87,98;81,08;82,1182608695652;82;FALSE;81,5991304347826;128,048780487805;80,4878048780488;47,5609756097561;TRUE;0,704918032786885;0,24;0,182926829268293;0,311475409836066;0,432835820895522;0,130434782608696;0,182926829268293;0,119402985074627;0,427586206896552;0,413793103448276;0,158620689655172;0,709677419354839;0,466666666666667;0,76;799981;8594;23;2;2;0;0;3;8;1;4;1;"8594 Bradford  Burgess";1;1;1;0;0,575;9,92;0,197167701863354;11;1,10887096774194;0,25;1;0,5625;0,616591928251121;10,92;0,0564971751412429;0,122473974280465;0,151228733459357;0,0695652173913044;0,0211783641831505;0
"20";799981;8594;3107;8594;25;19;31;22;14;30;6;40;15;200;"Donar Groningen";"Donar Gr";799981;3107;3107;8594;13;8;40;17;8;27;6;19;15;200;"BS Leiden";"BS Leide";11,5;5,98;105;66;TRUE;FALSE;87,5;87,98;81,08;82,1182608695652;82;FALSE;81,5991304347826;128,048780487805;80,4878048780488;47,5609756097561;TRUE;0,704918032786885;0,24;0,182926829268293;0,311475409836066;0,432835820895522;0,130434782608696;0,182926829268293;0,119402985074627;0,427586206896552;0,413793103448276;0,158620689655172;0,709677419354839;0,466666666666667;0,76;799981;8594;23;6;5;5;3;1;2;0;5;2;"8594 Brandyn  Curry";4;7;2;0;0,575;11,76;0,233739130434783;14;1,19047619047619;0,857142857142857;0,285714285714286;0,642857142857143;0,717213114754098;18,76;0,419161676646707;0,122473974280465;0,189035916824197;0;0,042356728366301;0
"21";799981;8594;3107;8594;25;19;31;22;14;30;6;40;15;200;"Donar Groningen";"Donar Gr";799981;3107;3107;8594;13;8;40;17;8;27;6;19;15;200;"BS Leiden";"BS Leide";11,5;5,98;105;66;TRUE;FALSE;87,5;87,98;81,08;82,1182608695652;82;FALSE;81,5991304347826;128,048780487805;80,4878048780488;47,5609756097561;TRUE;0,704918032786885;0,24;0,182926829268293;0,311475409836066;0,432835820895522;0,130434782608696;0,182926829268293;0,119402985074627;0,427586206896552;0,413793103448276;0,158620689655172;0,709677419354839;0,466666666666667;0,76;799981;8594;24;2;2;4;2;2;3;1;2;3;"8594 Teddy  Gipson";2;9;3;0;0,6;10,92;0,208;12;1,0989010989011;0,285714285714286;0,428571428571429;0,714285714285714;0,757575757575758;19,92;0,511363636363636;0,0704225352112676;0,072463768115942;0,0666666666666667;0,0608877970265577;0
"22";799981;8594;3107;8594;25;19;31;22;14;30;6;40;15;200;"Donar Groningen";"Donar Gr";799981;3107;3107;8594;13;8;40;17;8;27;6;19;15;200;"BS Leiden";"BS Leide";11,5;5,98;105;66;TRUE;FALSE;87,5;87,98;81,08;82,1182608695652;82;FALSE;81,5991304347826;128,048780487805;80,4878048780488;47,5609756097561;TRUE;0,704918032786885;0,24;0,182926829268293;0,311475409836066;0,432835820895522;0,130434782608696;0,182926829268293;0,119402985074627;0,427586206896552;0,413793103448276;0,158620689655172;0,709677419354839;0,466666666666667;0,76;799981;8594;25;2;1;5;3;2;4;2;3;1;"8594 Jason  Dourisseau";2;1;3;0;0,625;10,92;0,19968;13;1,19047619047619;0,222222222222222;0,444444444444444;0,666666666666667;0,655241935483871;11,92;0,0571428571428571;0,112676056338028;0,104347826086957;0,128;0,0584522851454954;0
"23";799982;3107;8594;3107;29;17;33;15;8;28;12;26;14;200;"BS Leiden";"BS Leide";799982;8594;8594;3107;20;16;30;19;8;33;11;26;12;200;"Donar Groningen";"Donar Gr";13,34;9,2;71;78;FALSE;TRUE;88,34;84,2;75,5;72,7481081081081;74;FALSE;74,1240540540541;95,945945945946;105,405405405405;-9,45945945945945;TRUE;0,442622950819672;0,315789473684211;0,189189189189189;0,278688524590164;0,492063492063492;0,297297297297297;0,162162162162162;0,253968253968254;0,443906376109766;0,376647834274953;0,179445789615281;0,454545454545455;0,285714285714286;0,586206896551724;799982;3107;2;0;0;0;0;0;0;0;1;0;"3107 Marijn  Ververs";1;0;0;0;0,05;0;0;0;NA;NA;NA;NA;NA;0;0;0,266666666666667;0,54054054054054;0;0;0
"24";799982;3107;8594;3107;29;17;33;15;8;28;12;26;14;200;"BS Leiden";"BS Leide";799982;8594;8594;3107;20;16;30;19;8;33;11;26;12;200;"Donar Groningen";"Donar Gr";13,34;9,2;71;78;FALSE;TRUE;88,34;84,2;75,5;72,7481081081081;74;FALSE;74,1240540540541;95,945945945946;105,405405405405;-9,45945945945945;TRUE;0,442622950819672;0,315789473684211;0,189189189189189;0,278688524590164;0,492063492063492;0,297297297297297;0,162162162162162;0,253968253968254;0,443906376109766;0,376647834274953;0,179445789615281;0,454545454545455;0,285714285714286;0,586206896551724;799982;3107;5;0;0;0;0;1;1;0;1;1;"3107 Floris  Versteeg";4;0;0;0;0,125;2;0,181118406158026;3;1,5;0;1;1,5;1,5;2;0;0,106666666666667;0,216216216216216;0;0;0
"25";799982;3107;8594;3107;29;17;33;15;8;28;12;26;14;200;"BS Leiden";"BS Leide";799982;8594;8594;3107;20;16;30;19;8;33;11;26;12;200;"Donar Groningen";"Donar Gr";13,34;9,2;71;78;FALSE;TRUE;88,34;84,2;75,5;72,7481081081081;74;FALSE;74,1240540540541;95,945945945946;105,405405405405;-9,45945945945945;TRUE;0,442622950819672;0,315789473684211;0,189189189189189;0,278688524590164;0,492063492063492;0,297297297297297;0,162162162162162;0,253968253968254;0,443906376109766;0,376647834274953;0,179445789615281;0,454545454545455;0,285714285714286;0,586206896551724;799982;3107;18;3;2;0;0;1;4;0;0;1;"3107 Jessey  Voorn";2;2;0;0;0,45;6,38;0,160491032123362;5;0,783699059561129;0,75;1;0,375;0,464684014869888;8,38;0,213903743315508;0;0;0;0;0
"26";799982;3107;8594;3107;29;17;33;15;8;28;12;26;14;200;"BS Leiden";"BS Leide";799982;8594;8594;3107;20;16;30;19;8;33;11;26;12;200;"Donar Groningen";"Donar Gr";13,34;9,2;71;78;FALSE;TRUE;88,34;84,2;75,5;72,7481081081081;74;FALSE;74,1240540540541;95,945945945946;105,405405405405;-9,45945945945945;TRUE;0,442622950819672;0,315789473684211;0,189189189189189;0,278688524590164;0,492063492063492;0,297297297297297;0,162162162162162;0,253968253968254;0,443906376109766;0,376647834274953;0,179445789615281;0,454545454545455;0,285714285714286;0,586206896551724;799982;3107;20;2;1;9;4;1;2;1;4;1;"3107 Alex  Olah";1;0;0;1;0,5;12,92;0,292506225945212;12;0,928792569659443;0,181818181818182;0,181818181818182;0,5;0,503355704697987;12,92;0;0,133333333333333;0,216216216216216;0,0526315789473684;0;0,0666666666666667
"27";799982;3107;8594;3107;29;17;33;15;8;28;12;26;14;200;"BS Leiden";"BS Leide";799982;8594;8594;3107;20;16;30;19;8;33;11;26;12;200;"Donar Groningen";"Donar Gr";13,34;9,2;71;78;FALSE;TRUE;88,34;84,2;75,5;72,7481081081081;74;FALSE;74,1240540540541;95,945945945946;105,405405405405;-9,45945945945945;TRUE;0,442622950819672;0,315789473684211;0,189189189189189;0,278688524590164;0,492063492063492;0,297297297297297;0,162162162162162;0,253968253968254;0,443906376109766;0,376647834274953;0,179445789615281;0,454545454545455;0,285714285714286;0,586206896551724;799982;3107;23;5;4;3;2;1;3;1;2;1;"3107 Sergio de Randamie";4;1;0;0;0,575;9,3;0,18308708448583;11;1,18279569892473;0,833333333333333;0,5;0,583333333333333;0,662650602409638;10,3;0,097799511002445;0,0695652173913043;0,0940070505287897;0,045766590389016;0;0
"28";799982;3107;8594;3107;29;17;33;15;8;28;12;26;14;200;"BS Leiden";"BS Leide";799982;8594;8594;3107;20;16;30;19;8;33;11;26;12;200;"Donar Groningen";"Donar Gr";13,34;9,2;71;78;FALSE;TRUE;88,34;84,2;75,5;72,7481081081081;74;FALSE;74,1240540540541;95,945945945946;105,405405405405;-9,45945945945945;TRUE;0,442622950819672;0,315789473684211;0,189189189189189;0,278688524590164;0,492063492063492;0,297297297297297;0,162162162162162;0,253968253968254;0,443906376109766;0,376647834274953;0,179445789615281;0,454545454545455;0,285714285714286;0,586206896551724;799982;3107;30;4;4;9;6;1;7;1;3;5;"3107 Worthy de Jong";4;2;3;0;0,75;22,84;0,344728699720776;19;0,831873905429072;0,25;0,4375;0,46875;0,532511210762332;24,84;0,195121951219512;0,0711111111111111;0,108108108108108;0,0350877192982456;0,0549842477560483;0
"29";799982;3107;8594;3107;29;17;33;15;8;28;12;26;14;200;"BS Leiden";"BS Leide";799982;8594;8594;3107;20;16;30;19;8;33;11;26;12;200;"Donar Groningen";"Donar Gr";13,34;9,2;71;78;FALSE;TRUE;88,34;84,2;75,5;72,7481081081081;74;FALSE;74,1240540540541;95,945945945946;105,405405405405;-9,45945945945945;TRUE;0,442622950819672;0,315789473684211;0,189189189189189;0,278688524590164;0,492063492063492;0,297297297297297;0,162162162162162;0,253968253968254;0,443906376109766;0,376647834274953;0,179445789615281;0,454545454545455;0,285714285714286;0,586206896551724;799982;3107;32;2;1;7;2;0;0;1;5;1;"3107 Mohamed  Kherrazi";3;1;0;0;0,8;8,92;0,126216889291374;5;0,560538116591928;0,285714285714286;0;0,285714285714286;0,315656565656566;9,92;0,0609756097560976;0,1;0,168918918918919;0,0328947368421053;0;0
"30";799982;3107;8594;3107;29;17;33;15;8;28;12;26;14;200;"BS Leiden";"BS Leide";799982;8594;8594;3107;20;16;30;19;8;33;11;26;12;200;"Donar Groningen";"Donar Gr";13,34;9,2;71;78;FALSE;TRUE;88,34;84,2;75,5;72,7481081081081;74;FALSE;74,1240540540541;95,945945945946;105,405405405405;-9,45945945945945;TRUE;0,442622950819672;0,315789473684211;0,189189189189189;0,278688524590164;0,492063492063492;0,297297297297297;0,162162162162162;0,253968253968254;0,443906376109766;0,376647834274953;0,179445789615281;0,454545454545455;0,285714285714286;0,586206896551724;799982;3107;32;5;3;3;1;1;3;5;4;0;"3107 Clayton  Vette";1;2;1;0;0,8;8,3;0,117443966493095;8;0,963855421686747;0,833333333333333;0,5;0,416666666666667;0,481927710843373;10,3;0,121951219512195;0,15;0,135135135135135;0,164473684210526;0,0171825774237651;0
"31";799982;3107;8594;3107;29;17;33;15;8;28;12;26;14;200;"BS Leiden";"BS Leide";799982;8594;8594;3107;20;16;30;19;8;33;11;26;12;200;"Donar Groningen";"Donar Gr";13,34;9,2;71;78;FALSE;TRUE;88,34;84,2;75,5;72,7481081081081;74;FALSE;74,1240540540541;95,945945945946;105,405405405405;-9,45945945945945;TRUE;0,442622950819672;0,315789473684211;0,189189189189189;0,278688524590164;0,492063492063492;0,297297297297297;0,162162162162162;0,253968253968254;0,443906376109766;0,376647834274953;0,179445789615281;0,454545454545455;0,285714285714286;0,586206896551724;799982;3107;38;8;2;2;0;2;8;1;4;4;"3107 Carrington  Love";1;6;3;0;0,95;17,68;0,210669304004862;8;0,452488687782805;0,8;0,8;0,3;0,292397660818713;23,68;0,302267002518892;0,0701754385964912;0,113798008534851;0,0277008310249307;0,0434086166495118;0
"32";799982;8594;8594;3107;20;16;30;19;8;33;11;26;12;200;"Donar Groningen";"Donar Gr";799982;3107;8594;3107;29;17;33;15;8;28;12;26;14;200;"BS Leiden";"BS Leide";9,2;13,34;78;71;TRUE;FALSE;84,2;88,34;72,7481081081081;75,5;74;FALSE;74,1240540540541;105,405405405405;95,945945945946;9,45945945945945;FALSE;0,492063492063492;0,297297297297297;0,162162162162162;0,253968253968254;0,442622950819672;0,315789473684211;0,189189189189189;0,278688524590164;0,415512465373961;0,457063711911357;0,127423822714681;0,633333333333333;0,242424242424242;0,8;799982;8594;13;1;0;3;2;1;2;1;3;1;"8594 Evan  Bruinsma";3;0;2;0;0,325;6,46;0,236067970034716;7;1,08359133126935;0,2;0,4;0,7;0,641025641025641;6,46;0;0,164102564102564;0,242914979757085;0,0831600831600832;0,0815078960774325;0
"33";799982;8594;8594;3107;20;16;30;19;8;33;11;26;12;200;"Donar Groningen";"Donar Gr";799982;3107;8594;3107;29;17;33;15;8;28;12;26;14;200;"BS Leiden";"BS Leide";9,2;13,34;78;71;TRUE;FALSE;84,2;88,34;72,7481081081081;75,5;74;FALSE;74,1240540540541;105,405405405405;95,945945945946;9,45945945945945;FALSE;0,492063492063492;0,297297297297297;0,162162162162162;0,253968253968254;0,442622950819672;0,315789473684211;0,189189189189189;0,278688524590164;0,415512465373961;0,457063711911357;0,127423822714681;0,633333333333333;0,242424242424242;0,8;799982;8594;15;0;0;2;2;0;2;1;5;2;"8594 Drago  Pasalic";3;0;0;0;0,375;6;0,190023752969121;4;0,666666666666667;0;0,5;0,5;0,5;6;0;0,213333333333333;0,350877192982456;0,0720720720720721;0;0
"34";799982;8594;8594;3107;20;16;30;19;8;33;11;26;12;200;"Donar Groningen";"Donar Gr";799982;3107;8594;3107;29;17;33;15;8;28;12;26;14;200;"BS Leiden";"BS Leide";9,2;13,34;78;71;TRUE;FALSE;84,2;88,34;72,7481081081081;75,5;74;FALSE;74,1240540540541;105,405405405405;95,945945945946;9,45945945945945;FALSE;0,492063492063492;0,297297297297297;0,162162162162162;0,253968253968254;0,442622950819672;0,315789473684211;0,189189189189189;0,278688524590164;0,415512465373961;0,457063711911357;0,127423822714681;0,633333333333333;0,242424242424242;0,8;799982;8594;18;2;1;2;1;1;6;0;3;1;"8594 Teddy  Gipson";3;1;1;0;0,45;9,92;0,261810504090789;6;0,604838709677419;0,25;0,75;0,3125;0,336322869955157;10,92;0,0985221674876847;0,0888888888888889;0,175438596491228;0;0,0294334069168506;0
"35";799982;8594;8594;3107;20;16;30;19;8;33;11;26;12;200;"Donar Groningen";"Donar Gr";799982;3107;8594;3107;29;17;33;15;8;28;12;26;14;200;"BS Leiden";"BS Leide";9,2;13,34;78;71;TRUE;FALSE;84,2;88,34;72,7481081081081;75,5;74;FALSE;74,1240540540541;105,405405405405;95,945945945946;9,45945945945945;FALSE;0,492063492063492;0,297297297297297;0,162162162162162;0,253968253968254;0,442622950819672;0,315789473684211;0,189189189189189;0,278688524590164;0,415512465373961;0,457063711911357;0,127423822714681;0,633333333333333;0,242424242424242;0,8;799982;8594;20;4;4;5;5;0;2;1;2;0;"8594 Jason  Dourisseau";3;1;2;0;0,5;8,84;0,209976247030879;14;1,58371040723982;0,571428571428571;0,285714285714286;0,714285714285714;0,791855203619909;9,84;0,117647058823529;0,08;0,105263157894737;0,0540540540540541;0,0529801324503311;0
"36";799982;8594;8594;3107;20;16;30;19;8;33;11;26;12;200;"Donar Groningen";"Donar Gr";799982;3107;8594;3107;29;17;33;15;8;28;12;26;14;200;"BS Leiden";"BS Leide";9,2;13,34;78;71;TRUE;FALSE;84,2;88,34;72,7481081081081;75,5;74;FALSE;74,1240540540541;105,405405405405;95,945945945946;9,45945945945945;FALSE;0,492063492063492;0,297297297297297;0,162162162162162;0,253968253968254;0,442622950819672;0,315789473684211;0,189189189189189;0,278688524590164;0,415512465373961;0,457063711911357;0,127423822714681;0,633333333333333;0,242424242424242;0,8;799982;8594;22;4;3;1;1;1;4;1;1;1;"8594 Arvin  Slagter";2;1;1;0;0,55;7,84;0,169293889008853;8;1,02040816326531;0,8;0,8;0,5;0,584795321637427;8,84;0,0778210116731517;0,0484848484848485;0,0478468899521531;0,0491400491400491;0,0240818783865141;0
"37";799982;8594;8594;3107;20;16;30;19;8;33;11;26;12;200;"Donar Groningen";"Donar Gr";799982;3107;8594;3107;29;17;33;15;8;28;12;26;14;200;"BS Leiden";"BS Leide";9,2;13,34;78;71;TRUE;FALSE;84,2;88,34;72,7481081081081;75,5;74;FALSE;74,1240540540541;105,405405405405;95,945945945946;9,45945945945945;FALSE;0,492063492063492;0,297297297297297;0,162162162162162;0,253968253968254;0,442622950819672;0,315789473684211;0,189189189189189;0,278688524590164;0,415512465373961;0,457063711911357;0,127423822714681;0,633333333333333;0,242424242424242;0,8;799982;8594;25;2;1;6;3;0;1;4;2;1;"8594 Thomas  Koenis";3;3;1;0;0,625;8,92;0,169501187648456;7;0,7847533632287;0,285714285714286;0,142857142857143;0,428571428571429;0,441919191919192;11,92;0,216216216216216;0,128;0,0842105263157895;0,172972972972973;0,0211920529801325;0
"38";799982;8594;8594;3107;20;16;30;19;8;33;11;26;12;200;"Donar Groningen";"Donar Gr";799982;3107;8594;3107;29;17;33;15;8;28;12;26;14;200;"BS Leiden";"BS Leide";9,2;13,34;78;71;TRUE;FALSE;84,2;88,34;72,7481081081081;75,5;74;FALSE;74,1240540540541;105,405405405405;95,945945945946;9,45945945945945;FALSE;0,492063492063492;0,297297297297297;0,162162162162162;0,253968253968254;0,442622950819672;0,315789473684211;0,189189189189189;0,278688524590164;0,415512465373961;0,457063711911357;0,127423822714681;0,633333333333333;0,242424242424242;0,8;799982;8594;25;2;2;4;2;0;3;1;2;2;"8594 Sean  Cunningham";3;1;2;0;0,625;9,92;0,188503562945368;6;0,604838709677419;0,285714285714286;0,428571428571429;0,285714285714286;0,378787878787879;10,92;0,0672268907563025;0,064;0,0842105263157895;0,0432432432432432;0,0423841059602649;0
"39";799982;8594;8594;3107;20;16;30;19;8;33;11;26;12;200;"Donar Groningen";"Donar Gr";799982;3107;8594;3107;29;17;33;15;8;28;12;26;14;200;"BS Leiden";"BS Leide";9,2;13,34;78;71;TRUE;FALSE;84,2;88,34;72,7481081081081;75,5;74;FALSE;74,1240540540541;105,405405405405;95,945945945946;9,45945945945945;FALSE;0,492063492063492;0,297297297297297;0,162162162162162;0,253968253968254;0,442622950819672;0,315789473684211;0,189189189189189;0,278688524590164;0,415512465373961;0,457063711911357;0,127423822714681;0,633333333333333;0,242424242424242;0,8;799982;8594;27;0;0;0;0;4;9;1;3;2;"8594 Bradford  Burgess";2;1;1;0;0,675;11;0,193542711357438;12;1,09090909090909;0;1;0,666666666666667;0,666666666666667;12;0,070298769771529;0,0790123456790123;0,116959064327485;0,04004004004004;0,0196222712779004;0
"40";799982;8594;8594;3107;20;16;30;19;8;33;11;26;12;200;"Donar Groningen";"Donar Gr";799982;3107;8594;3107;29;17;33;15;8;28;12;26;14;200;"BS Leiden";"BS Leide";9,2;13,34;78;71;TRUE;FALSE;84,2;88,34;72,7481081081081;75,5;74;FALSE;74,1240540540541;105,405405405405;95,945945945946;9,45945945945945;FALSE;0,492063492063492;0,297297297297297;0,162162162162162;0,253968253968254;0,442622950819672;0,315789473684211;0,189189189189189;0,278688524590164;0,415512465373961;0,457063711911357;0,127423822714681;0,633333333333333;0,242424242424242;0,8;799982;8594;35;5;5;7;3;1;4;1;5;2;"8594 Brandyn  Curry";1;7;1;0;0,875;15,3;0,207668815744825;14;0,915032679738562;0,454545454545455;0,363636363636364;0,409090909090909;0,526315789473684;22,3;0,356687898089172;0,0914285714285714;0,150375939849624;0,0308880308880309;0,0151371807000946;0
"41";799983;3107;3107;8594;5;3;26;15;12;38;6;22;10;200;"BS Leiden";"BS Leide";799983;8594;3107;8594;13;10;39;20;10;31;17;31;11;200;"Donar Groningen";"Donar Gr";2,3;5,98;69;80;FALSE;TRUE;76,3;86,98;69,88;68,3235897435897;69;FALSE;69,1017948717949;100;115,942028985507;-15,9420289855072;FALSE;0,515625;0,162162162162162;0,144927536231884;0,046875;0,5;0,435897435897436;0,159420289855072;0,142857142857143;0,392156862745098;0,57315233785822;0,0346907993966818;0,576923076923077;0,315789473684211;0,6;799983;3107;14;0;0;0;0;2;3;1;1;0;"3107 Floris  Versteeg";1;1;0;0;0,35;3;0,112338513387006;6;2;0;1;1;1;4;0,134228187919463;0,075187969924812;0,0732600732600733;0,0772200772200772;0;0
"42";799983;3107;3107;8594;5;3;26;15;12;38;6;22;10;200;"BS Leiden";"BS Leide";799983;8594;3107;8594;13;10;39;20;10;31;17;31;11;200;"Donar Groningen";"Donar Gr";2,3;5,98;69;80;FALSE;TRUE;76,3;86,98;69,88;68,3235897435897;69;FALSE;69,1017948717949;100;115,942028985507;-15,9420289855072;FALSE;0,515625;0,162162162162162;0,144927536231884;0,046875;0,5;0,435897435897436;0,159420289855072;0,142857142857143;0,392156862745098;0,57315233785822;0,0346907993966818;0,576923076923077;0,315789473684211;0,6;799983;3107;16;0;0;2;2;0;2;0;1;2;"3107 Alex  Olah";2;1;0;0;0,4;6;0,196592398427261;4;0,666666666666667;0;0,5;0,5;0,5;7;0,113636363636364;0,0328947368421053;0,0641025641025641;0;0;0
"43";799983;3107;3107;8594;5;3;26;15;12;38;6;22;10;200;"BS Leiden";"BS Leide";799983;8594;3107;8594;13;10;39;20;10;31;17;31;11;200;"Donar Groningen";"Donar Gr";2,3;5,98;69;80;FALSE;TRUE;76,3;86,98;69,88;68,3235897435897;69;FALSE;69,1017948717949;100;115,942028985507;-15,9420289855072;FALSE;0,515625;0,162162162162162;0,144927536231884;0,046875;0,5;0,435897435897436;0,159420289855072;0,142857142857143;0,392156862745098;0,57315233785822;0,0346907993966818;0,576923076923077;0,315789473684211;0,6;799983;3107;18;1;1;2;1;4;10;1;3;2;"3107 Jessey  Voorn";2;2;0;0;0,45;14,46;0,421144604630843;15;1,03734439834025;0,0833333333333333;0,833333333333333;0,583333333333333;0,601926163723916;16,46;0,27972027972028;0,116959064327485;0,170940170940171;0,0600600600600601;0;0
"44";799983;3107;3107;8594;5;3;26;15;12;38;6;22;10;200;"BS Leiden";"BS Leide";799983;8594;3107;8594;13;10;39;20;10;31;17;31;11;200;"Donar Groningen";"Donar Gr";2,3;5,98;69;80;FALSE;TRUE;76,3;86,98;69,88;68,3235897435897;69;FALSE;69,1017948717949;100;115,942028985507;-15,9420289855072;FALSE;0,515625;0,162162162162162;0,144927536231884;0,046875;0,5;0,435897435897436;0,159420289855072;0,142857142857143;0,392156862745098;0,57315233785822;0,0346907993966818;0,576923076923077;0,315789473684211;0,6;799983;3107;24;0;0;1;1;0;2;0;2;0;"3107 Sergio de Randamie";2;1;2;0;0,6;3;0,0655307994757536;2;0,666666666666667;0;0,666666666666667;0,333333333333333;0,333333333333333;4;0,0657894736842105;0,043859649122807;0,0854700854700855;0;0,048787444363549;0
"45";799983;3107;3107;8594;5;3;26;15;12;38;6;22;10;200;"BS Leiden";"BS Leide";799983;8594;3107;8594;13;10;39;20;10;31;17;31;11;200;"Donar Groningen";"Donar Gr";2,3;5,98;69;80;FALSE;TRUE;76,3;86,98;69,88;68,3235897435897;69;FALSE;69,1017948717949;100;115,942028985507;-15,9420289855072;FALSE;0,515625;0,162162162162162;0,144927536231884;0,046875;0,5;0,435897435897436;0,159420289855072;0,142857142857143;0,392156862745098;0,57315233785822;0,0346907993966818;0,576923076923077;0,315789473684211;0,6;799983;3107;24;0;0;2;1;1;3;2;3;0;"3107 Clayton  Vette";1;1;1;0;0,6;5;0,109217999126256;5;1;0;0,6;0,5;0,5;6;0,0704225352112676;0,109649122807018;0,128205128205128;0,0900900900900901;0,0243937221817745;0
"46";799983;3107;3107;8594;5;3;26;15;12;38;6;22;10;200;"BS Leiden";"BS Leide";799983;8594;3107;8594;13;10;39;20;10;31;17;31;11;200;"Donar Groningen";"Donar Gr";2,3;5,98;69;80;FALSE;TRUE;76,3;86,98;69,88;68,3235897435897;69;FALSE;69,1017948717949;100;115,942028985507;-15,9420289855072;FALSE;0,515625;0,162162162162162;0,144927536231884;0,046875;0,5;0,435897435897436;0,159420289855072;0,142857142857143;0,392156862745098;0,57315233785822;0,0346907993966818;0,576923076923077;0,315789473684211;0,6;799983;3107;32;0;0;8;2;0;0;1;2;2;"3107 Mohamed  Kherrazi";3;5;0;0;0,8;10;0,163826998689384;4;0,4;0;0;0,25;0,25;15;0,255102040816327;0,0493421052631579;0,0641025641025641;0,0337837837837838;0;0
"47";799983;3107;3107;8594;5;3;26;15;12;38;6;22;10;200;"BS Leiden";"BS Leide";799983;8594;3107;8594;13;10;39;20;10;31;17;31;11;200;"Donar Groningen";"Donar Gr";2,3;5,98;69;80;FALSE;TRUE;76,3;86,98;69,88;68,3235897435897;69;FALSE;69,1017948717949;100;115,942028985507;-15,9420289855072;FALSE;0,515625;0,162162162162162;0,144927536231884;0,046875;0,5;0,435897435897436;0,159420289855072;0,142857142857143;0,392156862745098;0,57315233785822;0,0346907993966818;0,576923076923077;0,315789473684211;0,6;799983;3107;34;2;2;7;5;1;5;0;6;3;"3107 Worthy de Jong";2;1;3;0;0,85;15,92;0,245470665330352;15;0,942211055276382;0,166666666666667;0,416666666666667;0,541666666666667;0,580495356037152;16,92;0,0589970501474926;0,0928792569659443;0,180995475113122;0;0,0516572940319931;0
"48";799983;3107;3107;8594;5;3;26;15;12;38;6;22;10;200;"BS Leiden";"BS Leide";799983;8594;3107;8594;13;10;39;20;10;31;17;31;11;200;"Donar Groningen";"Donar Gr";2,3;5,98;69;80;FALSE;TRUE;76,3;86,98;69,88;68,3235897435897;69;FALSE;69,1017948717949;100;115,942028985507;-15,9420289855072;FALSE;0,515625;0,162162162162162;0,144927536231884;0,046875;0,5;0,435897435897436;0,159420289855072;0,142857142857143;0,392156862745098;0,57315233785822;0,0346907993966818;0,576923076923077;0,315789473684211;0,6;799983;3107;38;2;0;4;3;4;13;1;4;1;"3107 Carrington  Love";3;3;3;0;0,95;18,92;0,261019521280265;18;0,951374207188161;0,117647058823529;0,764705882352941;0,529411764705882;0,502232142857143;21,92;0,160857908847185;0,0692520775623269;0,107962213225371;0,0284495021337127;0,0462196841338886;0
"49";799983;8594;3107;8594;13;10;39;20;10;31;17;31;11;200;"Donar Groningen";"Donar Gr";799983;3107;3107;8594;5;3;26;15;12;38;6;22;10;200;"BS Leiden";"BS Leide";5,98;2,3;80;69;TRUE;FALSE;86,98;76,3;68,3235897435897;69,88;69;FALSE;69,1017948717949;115,942028985507;100;15,9420289855072;TRUE;0,5;0,435897435897436;0,159420289855072;0,142857142857143;0,515625;0,162162162162162;0,144927536231884;0,046875;0,513292971834693;0,40800210581732;0,0787049223479863;0,512820512820513;0,32258064516129;0,769230769230769;799983;8594;10;0;0;3;1;1;2;2;1;0;"8594 Evan  Bruinsma";0;0;0;0;0,25;5;0,229937916762474;5;1;0;0,4;0,5;0,5;5;0;0,157894736842105;0,108108108108108;0,205128205128205;0;0
"50";799983;8594;3107;8594;13;10;39;20;10;31;17;31;11;200;"Donar Groningen";"Donar Gr";799983;3107;3107;8594;5;3;26;15;12;38;6;22;10;200;"BS Leiden";"BS Leide";5,98;2,3;80;69;TRUE;FALSE;86,98;76,3;68,3235897435897;69,88;69;FALSE;69,1017948717949;115,942028985507;100;15,9420289855072;TRUE;0,5;0,435897435897436;0,159420289855072;0,142857142857143;0,515625;0,162162162162162;0,144927536231884;0,046875;0,513292971834693;0,40800210581732;0,0787049223479863;0,512820512820513;0,32258064516129;0,769230769230769;799983;8594;15;0;0;6;2;0;2;1;4;1;"8594 Drago  Pasalic";1;0;1;1;0,375;9;0,275925500114969;4;0,444444444444444;0;0,25;0,25;0,25;9;0;0,175438596491228;0,288288288288288;0,0683760683760684;0,0381606563632894;0,102564102564103
"51";799983;8594;3107;8594;13;10;39;20;10;31;17;31;11;200;"Donar Groningen";"Donar Gr";799983;3107;3107;8594;5;3;26;15;12;38;6;22;10;200;"BS Leiden";"BS Leide";5,98;2,3;80;69;TRUE;FALSE;86,98;76,3;68,3235897435897;69,88;69;FALSE;69,1017948717949;115,942028985507;100;15,9420289855072;TRUE;0,5;0,435897435897436;0,159420289855072;0,142857142857143;0,515625;0,162162162162162;0,144927536231884;0,046875;0,513292971834693;0,40800210581732;0,0787049223479863;0,512820512820513;0,32258064516129;0,769230769230769;799983;8594;17;0;0;4;2;0;4;4;4;1;"8594 Sean  Cunningham";2;7;2;0;0,425;9;0,243463676572031;4;0,444444444444444;0;0,5;0,25;0,25;16;0,651162790697674;0,247678018575851;0,254372019077901;0,24132730015083;0,0673423347587461;0
"52";799983;8594;3107;8594;13;10;39;20;10;31;17;31;11;200;"Donar Groningen";"Donar Gr";799983;3107;3107;8594;5;3;26;15;12;38;6;22;10;200;"BS Leiden";"BS Leide";5,98;2,3;80;69;TRUE;FALSE;86,98;76,3;68,3235897435897;69,88;69;FALSE;69,1017948717949;115,942028985507;100;15,9420289855072;TRUE;0,5;0,435897435897436;0,159420289855072;0,142857142857143;0,515625;0,162162162162162;0,144927536231884;0,046875;0,513292971834693;0,40800210581732;0,0787049223479863;0,512820512820513;0,32258064516129;0,769230769230769;799983;8594;23;0;0;2;0;2;5;1;4;1;"8594 Arvin  Slagter";0;4;0;0;0,575;8;0,159956811660852;6;0,75;0;0,714285714285714;0,428571428571429;0,428571428571429;12;0,262295081967213;0,11441647597254;0,188014101057579;0,0445930880713489;0;0
"53";799983;8594;3107;8594;13;10;39;20;10;31;17;31;11;200;"Donar Groningen";"Donar Gr";799983;3107;3107;8594;5;3;26;15;12;38;6;22;10;200;"BS Leiden";"BS Leide";5,98;2,3;80;69;TRUE;FALSE;86,98;76,3;68,3235897435897;69,88;69;FALSE;69,1017948717949;115,942028985507;100;15,9420289855072;TRUE;0,5;0,435897435897436;0,159420289855072;0,142857142857143;0,515625;0,162162162162162;0,144927536231884;0,046875;0,513292971834693;0,40800210581732;0,0787049223479863;0,512820512820513;0,32258064516129;0,769230769230769;799983;8594;24;2;1;2;1;0;1;2;2;0;"8594 Teddy  Gipson";4;2;1;0;0,6;3,92;0,0751130528090749;3;0,76530612244898;0,666666666666667;0,333333333333333;0,333333333333333;0,38265306122449;5,92;0,117647058823529;0,087719298245614;0,0900900900900901;0,0854700854700855;0,0238504102270559;0
"54";799983;8594;3107;8594;13;10;39;20;10;31;17;31;11;200;"Donar Groningen";"Donar Gr";799983;3107;3107;8594;5;3;26;15;12;38;6;22;10;200;"BS Leiden";"BS Leide";5,98;2,3;80;69;TRUE;FALSE;86,98;76,3;68,3235897435897;69,88;69;FALSE;69,1017948717949;115,942028985507;100;15,9420289855072;TRUE;0,5;0,435897435897436;0,159420289855072;0,142857142857143;0,515625;0,162162162162162;0,144927536231884;0,046875;0,513292971834693;0,40800210581732;0,0787049223479863;0,512820512820513;0,32258064516129;0,769230769230769;799983;8594;24;4;3;2;2;1;1;3;2;2;"8594 Thomas  Koenis";2;2;1;0;0,6;6,84;0,13106461255461;10;1,46198830409357;1,33333333333333;0,333333333333333;1,16666666666667;1,03305785123967;8,84;0,133333333333333;0,109649122807018;0,0900900900900901;0,128205128205128;0,0238504102270559;0
"55";799983;8594;3107;8594;13;10;39;20;10;31;17;31;11;200;"Donar Groningen";"Donar Gr";799983;3107;3107;8594;5;3;26;15;12;38;6;22;10;200;"BS Leiden";"BS Leide";5,98;2,3;80;69;TRUE;FALSE;86,98;76,3;68,3235897435897;69,88;69;FALSE;69,1017948717949;115,942028985507;100;15,9420289855072;TRUE;0,5;0,435897435897436;0,159420289855072;0,142857142857143;0,515625;0,162162162162162;0,144927536231884;0,046875;0,513292971834693;0,40800210581732;0,0787049223479863;0,512820512820513;0,32258064516129;0,769230769230769;799983;8594;27;5;4;11;8;2;4;3;3;2;"8594 Jason  Dourisseau";2;1;0;0;0,675;19,3;0,328726058778944;26;1,34715025906736;0,333333333333333;0,266666666666667;0,733333333333333;0,751445086705202;20,3;0,0975609756097561;0,116959064327485;0,12012012012012;0,113960113960114;0;0
"56";799983;8594;3107;8594;13;10;39;20;10;31;17;31;11;200;"Donar Groningen";"Donar Gr";799983;3107;3107;8594;5;3;26;15;12;38;6;22;10;200;"BS Leiden";"BS Leide";5,98;2,3;80;69;TRUE;FALSE;86,98;76,3;68,3235897435897;69,88;69;FALSE;69,1017948717949;115,942028985507;100;15,9420289855072;TRUE;0,5;0,435897435897436;0,159420289855072;0,142857142857143;0,515625;0,162162162162162;0,144927536231884;0,046875;0,513292971834693;0,40800210581732;0,0787049223479863;0,512820512820513;0,32258064516129;0,769230769230769;799983;8594;30;0;0;2;1;3;6;0;5;1;"8594 Bradford  Burgess";0;3;0;1;0,75;9;0,137962750057484;11;1,22222222222222;0;0,75;0,6875;0,6875;12;0,162162162162162;0,087719298245614;0,18018018018018;0;0;0,0512820512820513
"57";799983;8594;3107;8594;13;10;39;20;10;31;17;31;11;200;"Donar Groningen";"Donar Gr";799983;3107;3107;8594;5;3;26;15;12;38;6;22;10;200;"BS Leiden";"BS Leide";5,98;2,3;80;69;TRUE;FALSE;86,98;76,3;68,3235897435897;69,88;69;FALSE;69,1017948717949;115,942028985507;100;15,9420289855072;TRUE;0,5;0,435897435897436;0,159420289855072;0,142857142857143;0,515625;0,162162162162162;0,144927536231884;0,046875;0,513292971834693;0,40800210581732;0,0787049223479863;0,512820512820513;0,32258064516129;0,769230769230769;799983;8594;30;2;2;7;3;1;6;1;4;3;"8594 Brandyn  Curry";2;6;1;1;0,75;16,92;0,259369970108071;11;0,650118203309693;0,153846153846154;0,461538461538462;0,346153846153846;0,395114942528736;22,92;0,324324324324324;0,087719298245614;0,144144144144144;0,0341880341880342;0,0190803281816447;0,0512820512820513
"58";799984;3107;8594;3107;29;15;30;15;7;31;16;26;12;200;"BS Leiden";"BS Leide";799984;8594;8594;3107;6;6;31;17;11;36;12;31;12;200;"Donar Groningen";"Donar Gr";13,34;2,76;66;73;FALSE;TRUE;86,34;81,76;72,1340425531915;68,5821052631579;70;FALSE;70,3580739081747;94,2857142857143;104,285714285714;-10;TRUE;0,418032786885246;0,340425531914894;0,171428571428571;0,245901639344262;0,5;0,315789473684211;0,171428571428571;0,0895522388059701;0,403551251008878;0,417002959375841;0,179445789615281;0,5;0,225806451612903;0,517241379310345;799984;3107;5;0;0;0;0;0;1;0;1;0;"3107 Marijn  Ververs";1;1;0;0;0,125;1;0,0926569376882094;0;0;0;1;0;0;2;0,363636363636364;0,0941176470588235;0,210526315789474;0;0;0
"59";799984;3107;8594;3107;29;15;30;15;7;31;16;26;12;200;"BS Leiden";"BS Leide";799984;8594;8594;3107;6;6;31;17;11;36;12;31;12;200;"Donar Groningen";"Donar Gr";13,34;2,76;66;73;FALSE;TRUE;86,34;81,76;72,1340425531915;68,5821052631579;70;FALSE;70,3580739081747;94,2857142857143;104,285714285714;-10;TRUE;0,418032786885246;0,340425531914894;0,171428571428571;0,245901639344262;0,5;0,315789473684211;0,171428571428571;0,0895522388059701;0,403551251008878;0,417002959375841;0,179445789615281;0,5;0,225806451612903;0,517241379310345;799984;3107;5;0;0;0;0;1;2;0;0;1;"3107 Floris  Versteeg";2;0;0;0;0,125;3;0,277970813064628;3;1;0;1;0,75;0,75;3;0;0;0;0;0;0
"60";799984;3107;8594;3107;29;15;30;15;7;31;16;26;12;200;"BS Leiden";"BS Leide";799984;8594;8594;3107;6;6;31;17;11;36;12;31;12;200;"Donar Groningen";"Donar Gr";13,34;2,76;66;73;FALSE;TRUE;86,34;81,76;72,1340425531915;68,5821052631579;70;FALSE;70,3580739081747;94,2857142857143;104,285714285714;-10;TRUE;0,418032786885246;0,340425531914894;0,171428571428571;0,245901639344262;0,5;0,315789473684211;0,171428571428571;0,0895522388059701;0,403551251008878;0,417002959375841;0,179445789615281;0,5;0,225806451612903;0,517241379310345;799984;3107;12;0;0;0;0;0;1;1;1;2;"3107 Alex  Olah";0;0;1;0;0,3;3;0,115821172110262;0;0;0;1;0;0;3;0;0,0784313725490196;0,087719298245614;0,0709219858156028;0,0486035434541259;0
"61";799984;3107;8594;3107;29;15;30;15;7;31;16;26;12;200;"BS Leiden";"BS Leide";799984;8594;8594;3107;6;6;31;17;11;36;12;31;12;200;"Donar Groningen";"Donar Gr";13,34;2,76;66;73;FALSE;TRUE;86,34;81,76;72,1340425531915;68,5821052631579;70;FALSE;70,3580739081747;94,2857142857143;104,285714285714;-10;TRUE;0,418032786885246;0,340425531914894;0,171428571428571;0,245901639344262;0,5;0,315789473684211;0,171428571428571;0,0895522388059701;0,403551251008878;0,417002959375841;0,179445789615281;0,5;0,225806451612903;0,517241379310345;799984;3107;17;0;0;3;1;1;4;1;3;1;"3107 Sergio de Randamie";1;2;0;0;0,425;8;0,218016323972257;5;0,625;0;0,571428571428571;0,357142857142857;0,357142857142857;10;0,272108843537415;0,110726643598616;0,185758513931889;0,0500625782227785;0;0
"62";799984;3107;8594;3107;29;15;30;15;7;31;16;26;12;200;"BS Leiden";"BS Leide";799984;8594;8594;3107;6;6;31;17;11;36;12;31;12;200;"Donar Groningen";"Donar Gr";13,34;2,76;66;73;FALSE;TRUE;86,34;81,76;72,1340425531915;68,5821052631579;70;FALSE;70,3580739081747;94,2857142857143;104,285714285714;-10;TRUE;0,418032786885246;0,340425531914894;0,171428571428571;0,245901639344262;0,5;0,315789473684211;0,171428571428571;0,0895522388059701;0,403551251008878;0,417002959375841;0,179445789615281;0,5;0,225806451612903;0,517241379310345;799984;3107;22;4;2;3;0;0;6;1;0;1;"3107 Jessey  Voorn";0;1;2;0;0,55;11,84;0,249331395961;2;0,168918918918919;0,444444444444444;0,666666666666667;0;0,0922509225092251;12,84;0,0826446280991735;0,0213903743315508;0;0,0386847195357834;0,053022047404501;0
"63";799984;3107;8594;3107;29;15;30;15;7;31;16;26;12;200;"BS Leiden";"BS Leide";799984;8594;8594;3107;6;6;31;17;11;36;12;31;12;200;"Donar Groningen";"Donar Gr";13,34;2,76;66;73;FALSE;TRUE;86,34;81,76;72,1340425531915;68,5821052631579;70;FALSE;70,3580739081747;94,2857142857143;104,285714285714;-10;TRUE;0,418032786885246;0,340425531914894;0,171428571428571;0,245901639344262;0,5;0,315789473684211;0,171428571428571;0,0895522388059701;0,403551251008878;0,417002959375841;0,179445789615281;0,5;0,225806451612903;0,517241379310345;799984;3107;31;4;0;9;5;0;0;4;6;1;"3107 Mohamed  Kherrazi";4;1;3;0;0,775;11,84;0,176944861649742;10;0,844594594594595;0,444444444444444;0;0,555555555555556;0,461254612546125;12,84;0,0829875518672199;0,15180265654649;0,203735144312394;0,109814687714482;0,0564428246564043;0
"64";799984;3107;8594;3107;29;15;30;15;7;31;16;26;12;200;"BS Leiden";"BS Leide";799984;8594;8594;3107;6;6;31;17;11;36;12;31;12;200;"Donar Groningen";"Donar Gr";13,34;2,76;66;73;FALSE;TRUE;86,34;81,76;72,1340425531915;68,5821052631579;70;FALSE;70,3580739081747;94,2857142857143;104,285714285714;-10;TRUE;0,418032786885246;0,340425531914894;0,171428571428571;0,245901639344262;0,5;0,315789473684211;0,171428571428571;0,0895522388059701;0,403551251008878;0,417002959375841;0,179445789615281;0,5;0,225806451612903;0,517241379310345;799984;3107;32;11;5;7;6;1;3;3;3;1;"3107 Clayton  Vette";0;4;2;1;0,8;16,06;0,23251100301135;20;1,2453300124533;1,1;0,3;0,75;0,664010624169987;20,06;0,377358490566038;0,0882352941176471;0,0986842105263158;0,0797872340425532;0,0364526575905944;0,0403225806451613
"65";799984;3107;8594;3107;29;15;30;15;7;31;16;26;12;200;"BS Leiden";"BS Leide";799984;8594;8594;3107;6;6;31;17;11;36;12;31;12;200;"Donar Groningen";"Donar Gr";13,34;2,76;66;73;FALSE;TRUE;86,34;81,76;72,1340425531915;68,5821052631579;70;FALSE;70,3580739081747;94,2857142857143;104,285714285714;-10;TRUE;0,418032786885246;0,340425531914894;0,171428571428571;0,245901639344262;0,5;0,315789473684211;0,171428571428571;0,0895522388059701;0,403551251008878;0,417002959375841;0,179445789615281;0,5;0,225806451612903;0,517241379310345;799984;3107;38;0;0;2;0;4;9;0;4;0;"3107 Carrington  Love";3;3;1;0;0,95;11;0,134108725601356;12;1,09090909090909;0;0,818181818181818;0,545454545454545;0,545454545454545;14;0,177514792899408;0,0495356037151703;0,110803324099723;0;0,0153484874065661;0
"66";799984;3107;8594;3107;29;15;30;15;7;31;16;26;12;200;"BS Leiden";"BS Leide";799984;8594;8594;3107;6;6;31;17;11;36;12;31;12;200;"Donar Groningen";"Donar Gr";13,34;2,76;66;73;FALSE;TRUE;86,34;81,76;72,1340425531915;68,5821052631579;70;FALSE;70,3580739081747;94,2857142857143;104,285714285714;-10;TRUE;0,418032786885246;0,340425531914894;0,171428571428571;0,245901639344262;0,5;0,315789473684211;0,171428571428571;0,0895522388059701;0,403551251008878;0,417002959375841;0,179445789615281;0,5;0,225806451612903;0,517241379310345;799984;3107;38;10;8;6;3;0;5;2;6;3;"3107 Worthy de Jong";1;4;1;0;0,95;18,6;0,226765663289565;14;0,752688172043011;0,909090909090909;0,454545454545455;0,272727272727273;0,448717948717949;22,6;0,223463687150838;0,0990712074303406;0,166204986149584;0,0447928331466965;0,0153484874065661;0
"67";799984;8594;8594;3107;6;6;31;17;11;36;12;31;12;200;"Donar Groningen";"Donar Gr";799984;3107;8594;3107;29;15;30;15;7;31;16;26;12;200;"BS Leiden";"BS Leide";2,76;13,34;73;66;TRUE;FALSE;81,76;86,34;68,5821052631579;72,1340425531915;70;FALSE;70,3580739081747;104,285714285714;94,2857142857143;10;FALSE;0,5;0,315789473684211;0,171428571428571;0,0895522388059701;0,418032786885246;0,340425531914894;0,171428571428571;0,245901639344262;0,444380733944954;0,51605504587156;0,0395642201834862;0,548387096774194;0,305555555555556;1;799984;8594;2;0;0;0;0;0;0;0;0;0;"8594 Rienk  Mast";1;0;0;0;0,05;0;0;0;NA;NA;NA;NA;NA;0;0;0;0;0;0;0
"68";799984;8594;8594;3107;6;6;31;17;11;36;12;31;12;200;"Donar Groningen";"Donar Gr";799984;3107;8594;3107;29;15;30;15;7;31;16;26;12;200;"BS Leiden";"BS Leide";2,76;13,34;73;66;TRUE;FALSE;81,76;86,34;68,5821052631579;72,1340425531915;70;FALSE;70,3580739081747;104,285714285714;94,2857142857143;10;FALSE;0,5;0,315789473684211;0,171428571428571;0,0895522388059701;0,418032786885246;0,340425531914894;0,171428571428571;0,245901639344262;0,444380733944954;0,51605504587156;0,0395642201834862;0,548387096774194;0,305555555555556;1;799984;8594;14;0;0;2;1;1;5;0;0;4;"8594 Arvin  Slagter";2;1;0;0;0,35;11;0,384400335476656;5;0,454545454545455;0;0,714285714285714;0,357142857142857;0,357142857142857;12;0,128205128205128;0;0;0;0;0
"69";799984;8594;8594;3107;6;6;31;17;11;36;12;31;12;200;"Donar Groningen";"Donar Gr";799984;3107;8594;3107;29;15;30;15;7;31;16;26;12;200;"BS Leiden";"BS Leide";2,76;13,34;73;66;TRUE;FALSE;81,76;86,34;68,5821052631579;72,1340425531915;70;FALSE;70,3580739081747;104,285714285714;94,2857142857143;10;FALSE;0,5;0,315789473684211;0,171428571428571;0,0895522388059701;0,418032786885246;0,340425531914894;0,171428571428571;0,245901639344262;0,444380733944954;0,51605504587156;0,0395642201834862;0,548387096774194;0,305555555555556;1;799984;8594;17;0;0;4;3;1;1;2;7;4;"8594 Drago  Pasalic";4;0;1;1;0,425;9;0,259007712674111;9;1;0;0,2;0,9;0,9;9;0;0,249134948096886;0,350438047559449;0,123839009287926;0,0326190116786472;0,0784313725490196
"70";799984;8594;8594;3107;6;6;31;17;11;36;12;31;12;200;"Donar Groningen";"Donar Gr";799984;3107;8594;3107;29;15;30;15;7;31;16;26;12;200;"BS Leiden";"BS Leide";2,76;13,34;73;66;TRUE;FALSE;81,76;86,34;68,5821052631579;72,1340425531915;70;FALSE;70,3580739081747;104,285714285714;94,2857142857143;10;FALSE;0,5;0,315789473684211;0,171428571428571;0,0895522388059701;0,418032786885246;0,340425531914894;0,171428571428571;0,245901639344262;0,444380733944954;0,51605504587156;0,0395642201834862;0,548387096774194;0,305555555555556;1;799984;8594;23;0;0;4;2;0;1;1;4;0;"8594 Thomas  Koenis";3;2;0;0;0,575;5;0,106355824044925;4;0,8;0;0,2;0,4;0,4;7;0,141843971631206;0,10230179028133;0,148011100832562;0,045766590389016;0;0
"71";799984;8594;8594;3107;6;6;31;17;11;36;12;31;12;200;"Donar Groningen";"Donar Gr";799984;3107;8594;3107;29;15;30;15;7;31;16;26;12;200;"BS Leiden";"BS Leide";2,76;13,34;73;66;TRUE;FALSE;81,76;86,34;68,5821052631579;72,1340425531915;70;FALSE;70,3580739081747;104,285714285714;94,2857142857143;10;FALSE;0,5;0,315789473684211;0,171428571428571;0,0895522388059701;0,418032786885246;0,340425531914894;0,171428571428571;0,245901639344262;0,444380733944954;0,51605504587156;0,0395642201834862;0,548387096774194;0,305555555555556;1;799984;8594;25;2;2;3;1;1;4;1;2;3;"8594 Teddy  Gipson";2;2;1;0;0,625;10,92;0,213698630136986;7;0,641025641025641;0,285714285714286;0,571428571428571;0,357142857142857;0,441919191919192;12,92;0,129032258064516;0,0564705882352941;0,0680851063829787;0,0421052631578947;0,0221809279414801;0
"72";799984;8594;8594;3107;6;6;31;17;11;36;12;31;12;200;"Donar Groningen";"Donar Gr";799984;3107;8594;3107;29;15;30;15;7;31;16;26;12;200;"BS Leiden";"BS Leide";2,76;13,34;73;66;TRUE;FALSE;81,76;86,34;68,5821052631579;72,1340425531915;70;FALSE;70,3580739081747;104,285714285714;94,2857142857143;10;FALSE;0,5;0,315789473684211;0,171428571428571;0,0895522388059701;0,418032786885246;0,340425531914894;0,171428571428571;0,245901639344262;0,444380733944954;0,51605504587156;0,0395642201834862;0,548387096774194;0,305555555555556;1;799984;8594;26;0;0;1;0;1;7;1;8;0;"8594 Bradford  Burgess";3;1;1;0;0,65;8;0,15053439710974;3;0,375;0;0,875;0,1875;0,1875;9;0,0581395348837209;0,16289592760181;0,261865793780687;0,0404858299595142;0,0213278153283463;0
"73";799984;8594;8594;3107;6;6;31;17;11;36;12;31;12;200;"Donar Groningen";"Donar Gr";799984;3107;8594;3107;29;15;30;15;7;31;16;26;12;200;"BS Leiden";"BS Leide";2,76;13,34;73;66;TRUE;FALSE;81,76;86,34;68,5821052631579;72,1340425531915;70;FALSE;70,3580739081747;104,285714285714;94,2857142857143;10;FALSE;0,5;0,315789473684211;0,171428571428571;0,0895522388059701;0,418032786885246;0,340425531914894;0,171428571428571;0,245901639344262;0,444380733944954;0,51605504587156;0,0395642201834862;0,548387096774194;0,305555555555556;1;799984;8594;30;0;0;3;0;3;6;4;6;0;"8594 Jason  Dourisseau";2;3;2;0;0,75;9;0,146771037181996;9;1;0;0,666666666666667;0,5;0,5;12;0,166666666666667;0,156862745098039;0,170212765957447;0,140350877192982;0,0369682132358002;0
"74";799984;8594;8594;3107;6;6;31;17;11;36;12;31;12;200;"Donar Groningen";"Donar Gr";799984;3107;8594;3107;29;15;30;15;7;31;16;26;12;200;"BS Leiden";"BS Leide";2,76;13,34;73;66;TRUE;FALSE;81,76;86,34;68,5821052631579;72,1340425531915;70;FALSE;70,3580739081747;104,285714285714;94,2857142857143;10;FALSE;0,5;0,315789473684211;0,171428571428571;0,0895522388059701;0,418032786885246;0,340425531914894;0,171428571428571;0,245901639344262;0,444380733944954;0,51605504587156;0,0395642201834862;0,548387096774194;0,305555555555556;1;799984;8594;30;2;2;6;4;2;5;1;1;0;"8594 Sean  Cunningham";3;1;0;0;0,75;11,92;0,194390084801044;16;1,34228187919463;0,181818181818182;0,454545454545455;0,636363636363636;0,671140939597315;12,92;0,0666666666666667;0,0313725490196078;0,0283687943262411;0,0350877192982456;0;0
"75";799984;8594;8594;3107;6;6;31;17;11;36;12;31;12;200;"Donar Groningen";"Donar Gr";799984;3107;8594;3107;29;15;30;15;7;31;16;26;12;200;"BS Leiden";"BS Leide";2,76;13,34;73;66;TRUE;FALSE;81,76;86,34;68,5821052631579;72,1340425531915;70;FALSE;70,3580739081747;104,285714285714;94,2857142857143;10;FALSE;0,5;0,315789473684211;0,171428571428571;0,0895522388059701;0,418032786885246;0,340425531914894;0,171428571428571;0,245901639344262;0,444380733944954;0,51605504587156;0,0395642201834862;0,548387096774194;0,305555555555556;1;799984;8594;33;2;2;8;6;2;7;2;3;1;"8594 Brandyn  Curry";3;5;0;0;0,825;16,92;0,250845045365593;20;1,18203309692671;0,133333333333333;0,466666666666667;0,6;0,628140703517588;21,92;0,33112582781457;0,071301247771836;0,0773694390715667;0,0637958532695375;0;0
