"";"wed_ID";"plg_ID";"wed_UitPloeg";"wed_ThuisPloeg";"FTA";"FTM";"FG2A";"FG2M";"FG3M";"FG3A";"OR";"DR";"TO";"Minuten";"plg_Name";"plg_ShortName";"opp_wed_ID";"opp_plg_ID";"opp_wed_UitPloeg";"opp_wed_ThuisPloeg";"opp_FTA";"opp_FTM";"opp_FG2A";"opp_FG2M";"opp_FG3M";"opp_FG3A";"opp_OR";"opp_DR";"opp_TO";"opp_Minuten";"opp_plg_Name";"opp_plg_ShortName";"FTtrips";"opp_FTtrips";"pts";"opp_pts";"Win";"Loss";"plays";"opp_plays";"ps";"opp_ps";"avgps";"WARNING";"pace";"Ortg";"Drtg";"Nrtg";"Home";"EFGpct";"ORpct";"TOpct";"FT4f";"opp_EFGpct";"opp_ORpct";"opp_TOpct";"opp_FT4f";"FG2Apct";"FG3Apct";"FTTpct";"FG2pct";"FG3pct";"FTpct"
"1";804643;3103;3103;11480;7;5;40;17;6;28;10;25;15;200;"Rotterdam Basketbal";"Rotterda";804643;11480;3103;11480;14;13;45;23;9;27;15;38;12;200;"Dukes Unlimited";"Dukes Un";3,22;6,44;57;86;FALSE;TRUE;86,22;90,44;76,18875;74,39;75;FALSE;75,289375;76;114,666666666667;-38,6666666666667;FALSE;0,382352941176471;0,208333333333333;0,2;0,0735294117647059;0,506944444444444;0,375;0,16;0,180555555555556;0,5616399887672;0,39314799213704;0,0452120190957596;0,425;0,214285714285714;0,714285714285714
"2";804643;11480;3103;11480;14;13;45;23;9;27;15;38;12;200;"Dukes Unlimited";"Dukes Un";804643;3103;3103;11480;7;5;40;17;6;28;10;25;15;200;"Rotterdam Basketbal";"Rotterda";6,44;3,22;86;57;TRUE;FALSE;90,44;86,22;74,39;76,18875;75;FALSE;75,289375;114,666666666667;76;38,6666666666667;TRUE;0,506944444444444;0,375;0,16;0,180555555555556;0,382352941176471;0,208333333333333;0,2;0,0735294117647059;0,573686894441611;0,344212136664967;0,0821009688934217;0,511111111111111;0,333333333333333;0,928571428571429
"3";804644;8594;11993;8594;12;10;39;28;8;25;10;27;10;200;"Donar Groningen";"Donar Gr";804644;11993;11993;8594;6;3;27;13;8;24;4;16;20;200;"Basketbal Academie Limburg";"Basketba";5,52;2,76;90;53;TRUE;FALSE;79,52;73,76;67,9969230769231;69,618064516129;69;FALSE;68,807493796526;130,434782608696;76,8115942028985;53,6231884057971;TRUE;0,625;0,384615384615385;0,144927536231884;0,15625;0,490196078431373;0,129032258064516;0,289855072463768;0,0588235294117647;0,560989643268124;0,359608745684695;0,0794016110471807;0,717948717948718;0,32;0,833333333333333
"4";804644;11993;11993;8594;6;3;27;13;8;24;4;16;20;200;"Basketbal Academie Limburg";"Basketba";804644;8594;11993;8594;12;10;39;28;8;25;10;27;10;200;"Donar Groningen";"Donar Gr";2,76;5,52;53;90;FALSE;TRUE;73,76;79,52;69,618064516129;67,9969230769231;69;FALSE;68,807493796526;76,8115942028985;130,434782608696;-53,6231884057971;FALSE;0,490196078431373;0,129032258064516;0,289855072463768;0,0588235294117647;0,625;0,384615384615385;0,144927536231884;0,15625;0,502232142857143;0,446428571428571;0,0513392857142857;0,481481481481481;0,333333333333333;0,5
"5";804645;3520;3808;3520;11;4;50;27;3;15;13;31;22;200;"BV Noordkop";"BV Noord";804645;3808;3808;3520;18;10;45;23;4;18;6;21;19;200;"BV Leeuwarden";"BV Leeuw";5,06;8,28;67;68;FALSE;TRUE;92,06;90,28;77,7408823529412;84,0335135135135;81;TRUE;80,8871979332274;82,7160493827161;83,9506172839506;-1,23456790123457;TRUE;0,484615384615385;0,382352941176471;0,271604938271605;0,0615384615384615;0,46031746031746;0,162162162162162;0,234567901234568;0,158730158730159;0,713673993719669;0,214102198115901;0,0722238081644305;0,54;0,2;0,363636363636364
"6";804645;3808;3808;3520;18;10;45;23;4;18;6;21;19;200;"BV Leeuwarden";"BV Leeuw";804645;3520;3808;3520;11;4;50;27;3;15;13;31;22;200;"BV Noordkop";"BV Noord";8,28;5,06;68;67;TRUE;FALSE;90,28;92,06;84,0335135135135;77,7408823529412;81;TRUE;80,8871979332274;83,9506172839506;82,7160493827161;1,23456790123457;FALSE;0,46031746031746;0,162162162162162;0,234567901234568;0,158730158730159;0,484615384615385;0,382352941176471;0,271604938271605;0,0615384615384615;0,631313131313131;0,252525252525253;0,116161616161616;0,511111111111111;0,222222222222222;0,555555555555556
"7";804647;3107;10757;3107;2;1;54;28;12;26;14;28;10;200;"BS Leiden";"BS Leide";804647;10757;10757;3107;3;3;23;15;13;39;6;27;23;200;"BC APOLLO Amsterdam";"BC APOLL";0,92;1,38;93;72;TRUE;FALSE;90,92;86,38;76,3053658536585;79,96;78;FALSE;78,1326829268293;119,230769230769;92,3076923076923;26,9230769230769;TRUE;0,575;0,341463414634146;0,128205128205128;0,0125;0,556451612903226;0,176470588235294;0,294871794871795;0,0483870967741935;0,667325753830944;0,321304992585269;0,0113692535837865;0,518518518518518;0,461538461538462;0,5
"8";804647;10757;10757;3107;3;3;23;15;13;39;6;27;23;200;"BC APOLLO Amsterdam";"BC APOLL";804647;3107;10757;3107;2;1;54;28;12;26;14;28;10;200;"BS Leiden";"BS Leide";1,38;0,92;72;93;FALSE;TRUE;86,38;90,92;79,96;76,3053658536585;78;FALSE;78,1326829268293;92,3076923076923;119,230769230769;-26,9230769230769;FALSE;0,556451612903226;0,176470588235294;0,294871794871795;0,0483870967741935;0,575;0,341463414634146;0,128205128205128;0,0125;0,362890501735563;0,615336068160303;0,0217734301041338;0,652173913043478;0,333333333333333;1
"9";804648;10757;11993;10757;26;14;31;19;13;41;8;18;14;200;"BC APOLLO Amsterdam";"BC APOLL";804648;11993;11993;10757;13;9;39;19;8;30;14;28;16;200;"Basketbal Academie Limburg";"Basketba";11,96;5,98;91;71;TRUE;FALSE;97,96;90,98;88,4488888888889;71,31875;80;TRUE;79,8838194444444;113,75;88,75;25;TRUE;0,534722222222222;0,222222222222222;0,175;0,194444444444444;0,449275362318841;0,4375;0,2;0,130434782608696;0,369223439733206;0,488327775131015;0,142448785135779;0,612903225806452;0,317073170731707;0,538461538461538
"10";804648;11993;11993;10757;13;9;39;19;8;30;14;28;16;200;"Basketbal Academie Limburg";"Basketba";804648;10757;11993;10757;26;14;31;19;13;41;8;18;14;200;"BC APOLLO Amsterdam";"BC APOLL";5,98;11,96;71;91;FALSE;TRUE;90,98;97,96;71,31875;88,4488888888889;80;TRUE;79,8838194444444;88,75;113,75;-25;FALSE;0,449275362318841;0,4375;0,2;0,130434782608696;0,534722222222222;0,222222222222222;0,175;0,194444444444444;0,520138703654308;0,400106695118698;0,0797546012269939;0,487179487179487;0,266666666666667;0,692307692307692
"11";804649;3808;8594;3808;14;12;36;15;6;18;5;21;20;200;"BV Leeuwarden";"BV Leeuw";804649;8594;8594;3808;14;11;40;22;14;25;9;26;12;200;"Donar Groningen";"Donar Gr";6,44;6,44;60;97;FALSE;TRUE;80,44;83,44;74,7448387096774;74,131;74;FALSE;74,4379193548387;81,0810810810811;131,081081081081;-50;TRUE;0,444444444444444;0,161290322580645;0,27027027027027;0,222222222222222;0,661538461538462;0,3;0,162162162162162;0,169230769230769;0,595632031767042;0,297816015883521;0,106551952349437;0,416666666666667;0,333333333333333;0,857142857142857
"12";804649;8594;8594;3808;14;11;40;22;14;25;9;26;12;200;"Donar Groningen";"Donar Gr";804649;3808;8594;3808;14;12;36;15;6;18;5;21;20;200;"BV Leeuwarden";"BV Leeuw";6,44;6,44;97;60;TRUE;FALSE;83,44;80,44;74,131;74,7448387096774;74;FALSE;74,4379193548387;131,081081081081;81,0810810810811;50;FALSE;0,661538461538462;0,3;0,162162162162162;0,169230769230769;0,444444444444444;0,161290322580645;0,27027027027027;0,222222222222222;0,559910414333707;0,349944008958567;0,0901455767077268;0,55;0,56;0,785714285714286
"13";804651;1771;3103;1771;28;18;42;20;9;28;20;40;13;200;"Landstede Basketbal";"Landsted";804651;3103;3103;1771;6;3;30;12;7;32;3;25;14;200;"Rotterdam Basketbal";"Rotterda";12,88;2,76;85;48;TRUE;FALSE;95,88;78,76;76,3822222222222;75,55;76;FALSE;75,9661111111111;111,842105263158;63,1578947368421;48,6842105263158;TRUE;0,478571428571429;0,444444444444444;0,171052631578947;0,257142857142857;0,362903225806452;0,0697674418604651;0,184210526315789;0,0483870967741935;0,506756756756757;0,337837837837838;0,155405405405405;0,476190476190476;0,321428571428571;0,642857142857143
"14";804651;3103;3103;1771;6;3;30;12;7;32;3;25;14;200;"Rotterdam Basketbal";"Rotterda";804651;1771;3103;1771;28;18;42;20;9;28;20;40;13;200;"Landstede Basketbal";"Landsted";2,76;12,88;48;85;FALSE;TRUE;78,76;95,88;75,55;76,3822222222222;76;FALSE;75,9661111111111;63,1578947368421;111,842105263158;-48,6842105263158;FALSE;0,362903225806452;0,0697674418604651;0,184210526315789;0,0483870967741935;0,478571428571429;0,444444444444444;0,171052631578947;0,257142857142857;0,463248919085855;0,494132180358246;0,0426189005558987;0,4;0,21875;0,5
"15";804652;3520;3520;11480;21;14;37;19;6;22;4;19;10;200;"BV Noordkop";"BV Noord";804652;11480;3520;11480;16;11;40;22;12;23;13;31;9;200;"Dukes Unlimited";"Dukes Un";9,66;7,36;70;91;FALSE;TRUE;78,66;79,36;74,5022857142857;66,7540625;71;TRUE;70,6281741071429;98,5915492957746;128,169014084507;-29,5774647887324;FALSE;0,474576271186441;0,114285714285714;0,140845070422535;0,23728813559322;0,634920634920635;0,40625;0,126760563380282;0,174603174603175;0,538887270608797;0,320419458199825;0,140693271191378;0,513513513513513;0,272727272727273;0,666666666666667
"16";804652;11480;3520;11480;16;11;40;22;12;23;13;31;9;200;"Dukes Unlimited";"Dukes Un";804652;3520;3520;11480;21;14;37;19;6;22;4;19;10;200;"BV Noordkop";"BV Noord";7,36;9,66;91;70;TRUE;FALSE;79,36;78,66;66,7540625;74,5022857142857;71;TRUE;70,6281741071429;128,169014084507;98,5915492957746;29,5774647887324;TRUE;0,634920634920635;0,40625;0,126760563380282;0,174603174603175;0,474576271186441;0,114285714285714;0,140845070422535;0,23728813559322;0,568504832291075;0,326890278567368;0,104604889141558;0,55;0,521739130434783;0,6875
"17";804653;3808;10757;3808;27;14;56;27;3;12;17;36;10;200;"BV Leeuwarden";"BV Leeuw";804653;10757;10757;3808;20;13;32;14;8;31;6;30;13;200;"BC APOLLO Amsterdam";"BC APOLL";12,42;9,2;77;65;TRUE;FALSE;90,42;85,2;75,7131914893617;78,9328571428571;77;FALSE;77,3230243161094;100;84,4155844155844;15,5844155844156;TRUE;0,463235294117647;0,361702127659574;0,12987012987013;0,205882352941176;0,412698412698413;0,142857142857143;0,168831168831169;0,206349206349206;0,696344192986819;0,14921661278289;0,154439194230291;0,482142857142857;0,25;0,518518518518518
"18";804653;10757;10757;3808;20;13;32;14;8;31;6;30;13;200;"BC APOLLO Amsterdam";"BC APOLL";804653;3808;10757;3808;27;14;56;27;3;12;17;36;10;200;"BV Leeuwarden";"BV Leeuw";9,2;12,42;65;77;FALSE;TRUE;85,2;90,42;78,9328571428571;75,7131914893617;77;FALSE;77,3230243161094;84,4155844155844;100;-15,5844155844156;FALSE;0,412698412698413;0,142857142857143;0,168831168831169;0,206349206349206;0,463235294117647;0,361702127659574;0,12987012987013;0,205882352941176;0,443213296398892;0,429362880886427;0,127423822714681;0,4375;0,258064516129032;0,65
"19";804654;8594;11480;8594;14;11;33;24;7;30;18;23;18;200;"Donar Groningen";"Donar Gr";804654;11480;11480;8594;9;5;31;17;12;30;7;13;14;200;"Dukes Unlimited";"Dukes Un";6,44;4,14;80;75;TRUE;FALSE;87,44;79,14;67,5587096774194;71,1506666666667;69;FALSE;69,354688172043;115,942028985507;108,695652173913;7,2463768115942;TRUE;0,547619047619048;0,580645161290323;0,260869565217391;0,174603174603175;0,573770491803279;0,233333333333333;0,202898550724638;0,0819672131147541;0,475230414746544;0,432027649769585;0,092741935483871;0,727272727272727;0,233333333333333;0,785714285714286
"20";804654;11480;11480;8594;9;5;31;17;12;30;7;13;14;200;"Dukes Unlimited";"Dukes Un";804654;8594;11480;8594;14;11;33;24;7;30;18;23;18;200;"Donar Groningen";"Donar Gr";4,14;6,44;75;80;FALSE;TRUE;79,14;87,44;71,1506666666667;67,5587096774194;69;FALSE;69,354688172043;108,695652173913;115,942028985507;-7,2463768115942;FALSE;0,573770491803279;0,233333333333333;0,202898550724638;0,0819672131147541;0,547619047619048;0,580645161290323;0,260869565217391;0,174603174603175;0,475898065704636;0,460546515198035;0,0635554190973288;0,548387096774194;0,4;0,555555555555556
"21";804655;3107;3107;11993;7;5;57;28;7;18;11;19;12;200;"BS Leiden";"BS Leide";804655;11993;3107;11993;16;9;21;7;14;32;15;27;27;200;"Basketbal Academie Limburg";"Basketba";3,22;7,36;82;65;TRUE;FALSE;90,22;87,36;77,8305263157895;72,2541176470588;75;TRUE;75,0423219814242;109,333333333333;86,6666666666667;22,6666666666667;FALSE;0,513333333333333;0,289473684210526;0,16;0,0666666666666667;0,528301886792453;0,441176470588235;0,36;0,169811320754717;0,728713883917157;0,230120173868576;0,0411659422142675;0,491228070175439;0,388888888888889;0,714285714285714
"22";804655;11993;3107;11993;16;9;21;7;14;32;15;27;27;200;"Basketbal Academie Limburg";"Basketba";804655;3107;3107;11993;7;5;57;28;7;18;11;19;12;200;"BS Leiden";"BS Leide";7,36;3,22;65;82;FALSE;TRUE;87,36;90,22;72,2541176470588;77,8305263157895;75;TRUE;75,0423219814242;86,6666666666667;109,333333333333;-22,6666666666667;TRUE;0,528301886792453;0,441176470588235;0,36;0,169811320754717;0,513333333333333;0,289473684210526;0,16;0,0666666666666667;0,347912524850895;0,530152418820411;0,121935056328695;0,333333333333333;0,4375;0,5625
"23";804656;1771;1771;3520;15;12;51;31;2;14;4;30;13;200;"Landstede Basketbal";"Landsted";804656;3520;1771;3520;19;14;43;19;5;19;10;26;15;200;"BV Noordkop";"BV Noord";6,9;8,74;80;67;TRUE;FALSE;84,9;85,74;80,3346666666667;75,575;78;TRUE;77,9548333333333;102,564102564103;85,8974358974359;16,6666666666667;FALSE;0,523076923076923;0,133333333333333;0,166666666666667;0,184615384615385;0,42741935483871;0,25;0,192307692307692;0,225806451612903;0,709318497913769;0,19471488178025;0,0959666203059805;0,607843137254902;0,142857142857143;0,8
"24";804656;3520;1771;3520;19;14;43;19;5;19;10;26;15;200;"BV Noordkop";"BV Noord";804656;1771;1771;3520;15;12;51;31;2;14;4;30;13;200;"Landstede Basketbal";"Landsted";8,74;6,9;67;80;FALSE;TRUE;85,74;84,9;75,575;80,3346666666667;78;TRUE;77,9548333333333;85,8974358974359;102,564102564103;-16,6666666666667;TRUE;0,42741935483871;0,25;0,192307692307692;0,225806451612903;0,523076923076923;0,133333333333333;0,166666666666667;0,184615384615385;0,607859768165112;0,26858919988691;0,123551031947979;0,441860465116279;0,263157894736842;0,736842105263158
"25";804658;10757;11480;10757;14;9;27;15;8;30;9;22;22;200;"BC APOLLO Amsterdam";"BC APOLL";804658;11480;11480;10757;9;8;52;34;10;19;6;28;8;200;"Dukes Unlimited";"Dukes Un";6,44;4,14;63;106;FALSE;TRUE;85,44;83,14;76,5908108108108;76,9492857142857;77;FALSE;76,7700482625483;81,8181818181818;137,662337662338;-55,8441558441558;TRUE;0,473684210526316;0,243243243243243;0,285714285714286;0,157894736842105;0,690140845070423;0,214285714285714;0,103896103896104;0,112676056338028;0,425598991172762;0,472887767969735;0,101513240857503;0,555555555555556;0,266666666666667;0,642857142857143
"26";804658;11480;11480;10757;9;8;52;34;10;19;6;28;8;200;"Dukes Unlimited";"Dukes Un";804658;10757;11480;10757;14;9;27;15;8;30;9;22;22;200;"BC APOLLO Amsterdam";"BC APOLL";4,14;6,44;106;63;TRUE;FALSE;83,14;85,44;76,9492857142857;76,5908108108108;77;FALSE;76,7700482625483;137,662337662338;81,8181818181818;55,8441558441558;FALSE;0,690140845070423;0,214285714285714;0,103896103896104;0,112676056338028;0,473684210526316;0,243243243243243;0,285714285714286;0,157894736842105;0,692041522491349;0,252861325525685;0,0550971519829651;0,653846153846154;0,526315789473684;0,888888888888889
"27";804659;3808;11993;3808;19;13;35;22;6;17;9;30;19;200;"BV Leeuwarden";"BV Leeuw";804659;11993;11993;3808;15;11;27;11;12;37;16;19;15;200;"Basketbal Academie Limburg";"Basketba";8,74;6,9;75;69;TRUE;FALSE;79,74;85,9;71,4857142857143;70,6408695652174;71;FALSE;71,0632919254658;105,633802816901;97,1830985915493;8,45070422535211;TRUE;0,596153846153846;0,321428571428571;0,267605633802817;0,25;0,453125;0,347826086956522;0,211267605633803;0,171875;0,576226539348041;0,279881461969048;0,143891998682911;0,628571428571429;0,352941176470588;0,684210526315789
"28";804659;11993;11993;3808;15;11;27;11;12;37;16;19;15;200;"Basketbal Academie Limburg";"Basketba";804659;3808;11993;3808;19;13;35;22;6;17;9;30;19;200;"BV Leeuwarden";"BV Leeuw";6,9;8,74;69;75;FALSE;TRUE;85,9;79,74;70,6408695652174;71,4857142857143;71;FALSE;71,0632919254658;97,1830985915493;105,633802816901;-8,45070422535211;FALSE;0,453125;0,347826086956522;0,211267605633803;0,171875;0,596153846153846;0,321428571428571;0,267605633802817;0,25;0,380818053596615;0,521861777150917;0,0973201692524683;0,407407407407407;0,324324324324324;0,733333333333333
"29";804661;1771;8594;1771;24;16;56;27;6;19;17;24;10;200;"Landstede Basketbal";"Landsted";804661;8594;8594;1771;14;11;31;20;10;28;7;24;21;200;"Donar Groningen";"Donar Gr";11,04;6,44;88;81;TRUE;FALSE;96,04;86,44;77,4063414634146;79,4332258064516;78;FALSE;78,4197836349331;112,820512820513;103,846153846154;8,97435897435898;TRUE;0,48;0,414634146341463;0,128205128205128;0,213333333333333;0,593220338983051;0,225806451612903;0,269230769230769;0,186440677966102;0,650860065086006;0,220827522082752;0,128312412831241;0,482142857142857;0,315789473684211;0,666666666666667
"30";804661;8594;8594;1771;14;11;31;20;10;28;7;24;21;200;"Donar Groningen";"Donar Gr";804661;1771;8594;1771;24;16;56;27;6;19;17;24;10;200;"Landstede Basketbal";"Landsted";6,44;11,04;81;88;FALSE;TRUE;86,44;96,04;79,4332258064516;77,4063414634146;78;FALSE;78,4197836349331;103,846153846154;112,820512820513;-8,97435897435898;FALSE;0,593220338983051;0,225806451612903;0,269230769230769;0,186440677966102;0,48;0,414634146341463;0,128205128205128;0,213333333333333;0,473716381418093;0,427872860635697;0,0984107579462103;0,645161290322581;0,357142857142857;0,785714285714286
"31";804662;3103;3103;3107;8;6;30;11;12;33;9;30;18;200;"Rotterdam Basketbal";"Rotterda";804662;3107;3103;3107;9;3;50;32;7;22;7;34;7;200;"BS Leiden";"BS Leide";3,68;4,14;64;88;FALSE;TRUE;84,68;83,14;75,7218604651163;76,4597297297297;76;FALSE;76,090795097423;84,2105263157895;115,789473684211;-31,578947368421;FALSE;0,46031746031746;0,209302325581395;0,236842105263158;0,0952380952380952;0,590277777777778;0,189189189189189;0,0921052631578947;0,0416666666666667;0,449910017996401;0,494901019796041;0,0551889622075585;0,366666666666667;0,363636363636364;0,75
"32";804662;3107;3103;3107;9;3;50;32;7;22;7;34;7;200;"BS Leiden";"BS Leide";804662;3103;3103;3107;8;6;30;11;12;33;9;30;18;200;"Rotterdam Basketbal";"Rotterda";4,14;3,68;88;64;TRUE;FALSE;83,14;84,68;76,4597297297297;75,7218604651163;76;FALSE;76,090795097423;115,789473684211;84,2105263157895;31,578947368421;TRUE;0,590277777777778;0,189189189189189;0,0921052631578947;0,0416666666666667;0,46031746031746;0,209302325581395;0,236842105263158;0,0952380952380952;0,656685053848174;0,288941423693197;0,0543735224586289;0,64;0,318181818181818;0,333333333333333
"33";804663;11480;11480;11993;35;23;40;18;7;21;16;27;13;200;"Dukes Unlimited";"Dukes Un";804663;11993;11480;11993;17;10;21;9;7;29;11;23;21;200;"Basketbal Academie Limburg";"Basketba";16,1;7,82;80;49;TRUE;FALSE;90,1;78,82;74,2969230769231;68,288947368421;71;TRUE;71,2929352226721;112,676056338028;69,0140845070423;43,6619718309859;FALSE;0,467213114754098;0,41025641025641;0,183098591549296;0,377049180327869;0,39;0,289473684210526;0,295774647887324;0,2;0,518806744487678;0,272373540856031;0,208819714656291;0,45;0,333333333333333;0,657142857142857
"34";804663;11993;11480;11993;17;10;21;9;7;29;11;23;21;200;"Basketbal Academie Limburg";"Basketba";804663;11480;11480;11993;35;23;40;18;7;21;16;27;13;200;"Dukes Unlimited";"Dukes Un";7,82;16,1;49;80;FALSE;TRUE;78,82;90,1;68,288947368421;74,2969230769231;71;TRUE;71,2929352226721;69,0140845070423;112,676056338028;-43,6619718309859;TRUE;0,39;0,289473684210526;0,295774647887324;0,2;0,467213114754098;0,41025641025641;0,183098591549296;0,377049180327869;0,36319612590799;0,50155655482532;0,13524731926669;0,428571428571429;0,241379310344828;0,588235294117647
"35";804665;1771;10757;1771;19;16;63;39;2;17;15;30;16;200;"Landstede Basketbal";"Landsted";804665;10757;10757;1771;15;11;46;19;8;25;15;25;28;200;"BC APOLLO Amsterdam";"BC APOLL";8,74;6,9;100;73;TRUE;FALSE;104,74;105,9;89,09125;90,2066666666667;90;FALSE;89,6489583333333;111,111111111111;81,1111111111111;30;TRUE;0,525;0,375;0,177777777777778;0,2;0,436619718309859;0,333333333333333;0,311111111111111;0,154929577464789;0,709939148073022;0,191570881226054;0,0984899707009241;0,619047619047619;0,117647058823529;0,842105263157895
"36";804665;10757;10757;1771;15;11;46;19;8;25;15;25;28;200;"BC APOLLO Amsterdam";"BC APOLL";804665;1771;10757;1771;19;16;63;39;2;17;15;30;16;200;"Landstede Basketbal";"Landsted";6,9;8,74;73;100;FALSE;TRUE;105,9;104,74;90,2066666666667;89,09125;90;FALSE;89,6489583333333;81,1111111111111;111,111111111111;-30;FALSE;0,436619718309859;0,333333333333333;0,311111111111111;0,154929577464789;0,525;0,375;0,177777777777778;0,2;0,590500641848524;0,320924261874198;0,0885750962772786;0,41304347826087;0,32;0,733333333333333
"37";804666;3103;3520;3103;11;9;39;19;9;29;6;35;15;200;"Rotterdam Basketbal";"Rotterda";804666;3520;3520;3103;13;8;43;24;7;27;7;27;10;200;"BV Noordkop";"BV Noord";5,06;5,98;74;77;FALSE;TRUE;88,06;85,98;80,2781818181818;79,025;80;FALSE;79,6515909090909;92,5;96,25;-3,75;TRUE;0,477941176470588;0,181818181818182;0,1875;0,132352941176471;0,492857142857143;0,166666666666667;0,125;0,114285714285714;0,533807829181495;0,396934026827265;0,0692581439912401;0,487179487179487;0,310344827586207;0,818181818181818
"38";804666;3520;3520;3103;13;8;43;24;7;27;7;27;10;200;"BV Noordkop";"BV Noord";804666;3103;3520;3103;11;9;39;19;9;29;6;35;15;200;"Rotterdam Basketbal";"Rotterda";5,98;5,06;77;74;TRUE;FALSE;85,98;88,06;79,025;80,2781818181818;80;FALSE;79,6515909090909;96,25;92,5;3,75;FALSE;0,492857142857143;0,166666666666667;0,125;0,114285714285714;0,477941176470588;0,181818181818182;0,1875;0,132352941176471;0,56593840484338;0,355356672808634;0,0787049223479863;0,558139534883721;0,259259259259259;0,615384615384615
"39";804669;3107;3107;3520;16;9;51;27;5;18;7;26;9;200;"BS Leiden";"BS Leide";804669;3520;3107;3520;5;4;41;21;9;29;16;34;19;200;"BV Noordkop";"BV Noord";7,36;2,3;78;73;TRUE;FALSE;85,36;91,3;78,6007317073171;74,9952380952381;77;FALSE;76,7979849012776;101,298701298701;94,8051948051948;6,4935064935065;FALSE;0,5;0,170731707317073;0,116883116883117;0,130434782608696;0,492857142857143;0,380952380952381;0,246753246753247;0,0571428571428571;0,667888947092719;0,235725510738607;0,0963855421686747;0,529411764705882;0,277777777777778;0,5625
"40";804669;3520;3107;3520;5;4;41;21;9;29;16;34;19;200;"BV Noordkop";"BV Noord";804669;3107;3107;3520;16;9;51;27;5;18;7;26;9;200;"BS Leiden";"BS Leide";2,3;7,36;73;78;FALSE;TRUE;91,3;85,36;74,9952380952381;78,6007317073171;77;FALSE;76,7979849012776;94,8051948051948;101,298701298701;-6,4935064935065;TRUE;0,492857142857143;0,380952380952381;0,246753246753247;0,0571428571428571;0,5;0,170731707317073;0,116883116883117;0,130434782608696;0,567081604426003;0,401106500691563;0,0318118948824343;0,51219512195122;0,310344827586207;0,8
"41";804670;3103;3103;8594;10;7;26;14;8;30;6;18;18;200;"Rotterdam Basketbal";"Rotterda";804670;8594;3103;8594;11;10;35;22;12;30;16;33;14;200;"Donar Groningen";"Donar Gr";4,6;5,06;59;90;FALSE;TRUE;78,6;84,06;73,0030769230769;68,4505882352941;71;TRUE;70,7268325791855;83,0985915492958;126,760563380282;-43,6619718309859;FALSE;0,464285714285714;0,153846153846154;0,253521126760563;0,125;0,615384615384615;0,470588235294118;0,197183098591549;0,153846153846154;0,429042904290429;0,495049504950495;0,0759075907590759;0,538461538461538;0,266666666666667;0,7
"42";804670;8594;3103;8594;11;10;35;22;12;30;16;33;14;200;"Donar Groningen";"Donar Gr";804670;3103;3103;8594;10;7;26;14;8;30;6;18;18;200;"Rotterdam Basketbal";"Rotterda";5,06;4,6;90;59;TRUE;FALSE;84,06;78,6;68,4505882352941;73,0030769230769;71;TRUE;70,7268325791855;126,760563380282;83,0985915492958;43,6619718309859;TRUE;0,615384615384615;0,470588235294118;0,197183098591549;0,153846153846154;0,464285714285714;0,153846153846154;0,253521126760563;0,125;0,499571795603768;0,428204396231801;0,0722238081644305;0,628571428571429;0,4;0,909090909090909
"43";804671;1771;1771;11993;23;18;40;26;7;18;8;19;13;200;"Landstede Basketbal";"Landsted";804671;11993;1771;11993;5;2;37;21;9;24;6;23;21;200;"Basketbal Academie Limburg";"Basketba";10,58;2,3;91;71;TRUE;FALSE;81,58;84,3;74,6767741935484;76,3392;76;FALSE;75,5079870967742;119,736842105263;93,4210526315789;26,3157894736842;FALSE;0,629310344827586;0,258064516129032;0,171052631578947;0,310344827586207;0,565573770491803;0,24;0,276315789473684;0,0327868852459016;0,583260425780111;0,26246719160105;0,154272382618839;0,65;0,388888888888889;0,782608695652174
"44";804671;11993;1771;11993;5;2;37;21;9;24;6;23;21;200;"Basketbal Academie Limburg";"Basketba";804671;1771;1771;11993;23;18;40;26;7;18;8;19;13;200;"Landstede Basketbal";"Landsted";2,3;10,58;71;91;FALSE;TRUE;84,3;81,58;76,3392;74,6767741935484;76;FALSE;75,5079870967742;93,4210526315789;119,736842105263;-26,3157894736842;TRUE;0,565573770491803;0,24;0,276315789473684;0,0327868852459016;0,629310344827586;0,258064516129032;0,171052631578947;0,310344827586207;0,584518167456556;0,37914691943128;0,0363349131121643;0,567567567567568;0,375;0,4
"45";804672;3808;3808;11480;13;10;44;18;7;16;6;19;23;201;"BV Leeuwarden";"BV Leeuw";804672;11480;3808;11480;23;17;45;31;6;20;10;28;18;200;"Dukes Unlimited";"Dukes Un";5,98;10,58;67;97;FALSE;TRUE;88,98;93,58;82,3711764705882;83,2489655172414;83;FALSE;82,6035620886931;80,7228915662651;116,867469879518;-36,144578313253;FALSE;0,475;0,176470588235294;0,27710843373494;0,166666666666667;0,615384615384615;0,344827586206897;0,216867469879518;0,261538461538462;0,666868748105486;0,242497726583813;0,0906335253107002;0,409090909090909;0,4375;0,769230769230769
"46";804672;11480;3808;11480;23;17;45;31;6;20;10;28;18;200;"Dukes Unlimited";"Dukes Un";804672;3808;3808;11480;13;10;44;18;7;16;6;19;23;201;"BV Leeuwarden";"BV Leeuw";10,58;5,98;97;67;TRUE;FALSE;93,58;88,98;83,2489655172414;82,3711764705882;83;FALSE;82,6035620886931;116,867469879518;80,7228915662651;36,144578313253;TRUE;0,615384615384615;0,344827586206897;0,216867469879518;0,261538461538462;0,475;0,176470588235294;0,27710843373494;0,166666666666667;0,595395607303519;0,264620269912675;0,139984122783805;0,688888888888889;0,3;0,739130434782609
"47";804673;1771;1771;3808;14;10;41;28;14;26;11;25;5;200;"Landstede Basketbal";"Landsted";804673;3808;1771;3808;20;16;34;16;3;17;11;18;17;200;"BV Leeuwarden";"BV Leeuw";6,44;9,2;108;57;TRUE;FALSE;78,44;77,2;68,2934482758621;66,7377777777778;68;FALSE;67,5156130268199;158,823529411765;83,8235294117647;75;FALSE;0,73134328358209;0,379310344827586;0,0735294117647059;0,149253731343284;0,401960784313726;0,305555555555556;0,25;0,313725490196078;0,558278867102396;0,354030501089325;0,0876906318082789;0,682926829268293;0,538461538461538;0,714285714285714
"48";804673;3808;1771;3808;20;16;34;16;3;17;11;18;17;200;"BV Leeuwarden";"BV Leeuw";804673;1771;1771;3808;14;10;41;28;14;26;11;25;5;200;"Landstede Basketbal";"Landsted";9,2;6,44;57;108;FALSE;TRUE;77,2;78,44;66,7377777777778;68,2934482758621;68;FALSE;67,5156130268199;83,8235294117647;158,823529411765;-75;TRUE;0,401960784313726;0,305555555555556;0,25;0,313725490196078;0,73134328358209;0,379310344827586;0,0735294117647059;0,149253731343284;0,564784053156146;0,282392026578073;0,152823920265781;0,470588235294118;0,176470588235294;0,8
"49";804674;3107;3107;11480;17;17;47;22;10;21;13;19;12;200;"BS Leiden";"BS Leide";804674;11480;3107;11480;20;17;39;21;8;25;15;23;18;200;"Dukes Unlimited";"Dukes Un";7,82;9,2;91;83;TRUE;FALSE;87,82;91,2;73,91;74,6779411764706;74;FALSE;74,2939705882353;122,972972972973;112,162162162162;10,8108108108108;FALSE;0,544117647058823;0,361111111111111;0,162162162162162;0,25;0,515625;0,441176470588235;0,243243243243243;0,265625;0,619889211289897;0,276971775257188;0,103139013452915;0,468085106382979;0,476190476190476;1
"50";804674;11480;3107;11480;20;17;39;21;8;25;15;23;18;200;"Dukes Unlimited";"Dukes Un";804674;3107;3107;11480;17;17;47;22;10;21;13;19;12;200;"BS Leiden";"BS Leide";9,2;7,82;83;91;FALSE;TRUE;91,2;87,82;74,6779411764706;73,91;74;FALSE;74,2939705882353;112,162162162162;122,972972972973;-10,8108108108108;TRUE;0,515625;0,441176470588235;0,243243243243243;0,265625;0,544117647058823;0,361111111111111;0,162162162162162;0,25;0,532786885245902;0,341530054644809;0,12568306010929;0,538461538461538;0,32;0,85
"51";804675;3520;8594;3520;25;16;37;18;7;22;4;19;9;200;"BV Noordkop";"BV Noord";804675;8594;8594;3520;17;15;30;17;14;28;7;27;13;200;"Donar Groningen";"Donar Gr";11,5;7,82;73;91;FALSE;TRUE;79,5;78,82;74,8058064516129;71,0419230769231;73;FALSE;72,923864764268;100;124,657534246575;-24,6575342465753;TRUE;0,483050847457627;0,129032258064516;0,123287671232877;0,271186440677966;0,655172413793103;0,269230769230769;0,178082191780822;0,258620689655172;0,524822695035461;0,312056737588652;0,163120567375887;0,486486486486487;0,318181818181818;0,64
"52";804675;8594;8594;3520;17;15;30;17;14;28;7;27;13;200;"Donar Groningen";"Donar Gr";804675;3520;8594;3520;25;16;37;18;7;22;4;19;9;200;"BV Noordkop";"BV Noord";7,82;11,5;91;73;TRUE;FALSE;78,82;79,5;71,0419230769231;74,8058064516129;73;FALSE;72,923864764268;124,657534246575;100;24,6575342465753;FALSE;0,655172413793103;0,269230769230769;0,178082191780822;0,258620689655172;0,483050847457627;0,129032258064516;0,123287671232877;0,271186440677966;0,455788514129444;0,425402613187481;0,118808872683075;0,566666666666667;0,5;0,882352941176471
"53";804676;3103;10757;3103;9;6;45;20;7;25;13;45;8;200;"Rotterdam Basketbal";"Rotterda";804676;10757;10757;3103;10;9;35;11;7;28;7;29;10;200;"BC APOLLO Amsterdam";"BC APOLL";4,14;4,6;67;52;TRUE;FALSE;82,14;77,6;67,8988095238095;71,1182692307692;70;FALSE;69,5085393772894;95,7142857142857;74,2857142857143;21,4285714285714;TRUE;0,435714285714286;0,30952380952381;0,114285714285714;0,0857142857142857;0,341269841269841;0,134615384615385;0,142857142857143;0,142857142857143;0,606959805772862;0,337199892096035;0,0558403021311033;0,444444444444444;0,28;0,666666666666667
"54";804676;10757;10757;3103;10;9;35;11;7;28;7;29;10;200;"BC APOLLO Amsterdam";"BC APOLL";804676;3103;10757;3103;9;6;45;20;7;25;13;45;8;200;"Rotterdam Basketbal";"Rotterda";4,6;4,14;52;67;FALSE;TRUE;77,6;82,14;71,1182692307692;67,8988095238095;70;FALSE;69,5085393772894;74,2857142857143;95,7142857142857;-21,4285714285714;FALSE;0,341269841269841;0,134615384615385;0,142857142857143;0,142857142857143;0,435714285714286;0,30952380952381;0,114285714285714;0,0857142857142857;0,517751479289941;0,414201183431953;0,0680473372781065;0,314285714285714;0,25;0,9
"55";804678;3520;3520;10757;20;14;54;28;7;15;5;32;11;225;"BV Noordkop";"BV Noord";804678;10757;3520;10757;11;7;34;15;16;35;6;33;15;225;"BC APOLLO Amsterdam";"BC APOLL";9,2;5,06;91;85;TRUE;FALSE;89,2;89,06;84,4131578947368;82,64;84;FALSE;74,2458479532164;108,333333333333;101,190476190476;7,14285714285714;FALSE;0,557971014492754;0,131578947368421;0,130952380952381;0,202898550724638;0,565217391304348;0,157894736842105;0,178571428571429;0,101449275362319;0,690537084398977;0,191815856777494;0,117647058823529;0,518518518518518;0,466666666666667;0,7
"56";804678;10757;3520;10757;11;7;34;15;16;35;6;33;15;225;"BC APOLLO Amsterdam";"BC APOLL";804678;3520;3520;10757;20;14;54;28;7;15;5;32;11;225;"BV Noordkop";"BV Noord";5,06;9,2;85;91;FALSE;TRUE;89,06;89,2;82,64;84,4131578947368;84;FALSE;74,2458479532164;101,190476190476;108,333333333333;-7,14285714285714;TRUE;0,565217391304348;0,157894736842105;0,178571428571429;0,101449275362319;0,557971014492754;0,131578947368421;0,130952380952381;0,202898550724638;0,459087226573049;0,472589792060491;0,0683229813664596;0,441176470588235;0,457142857142857;0,636363636363636
"57";804679;3103;3103;11993;11;9;36;25;10;26;8;25;5;200;"Rotterdam Basketbal";"Rotterda";804679;11993;3103;11993;12;6;33;22;7;26;8;21;11;200;"Basketbal Academie Limburg";"Basketba";5,06;5,52;89;71;TRUE;FALSE;72,06;75,52;64,0903448275862;67,7381818181818;66;FALSE;65,914263322884;134,848484848485;107,575757575758;27,2727272727273;FALSE;0,645161290322581;0,275862068965517;0,0757575757575758;0,145161290322581;0,550847457627119;0,242424242424242;0,166666666666667;0,101694915254237;0,53683268714584;0,387712496271995;0,0754548165821652;0,694444444444444;0,384615384615385;0,818181818181818
"58";804679;11993;3103;11993;12;6;33;22;7;26;8;21;11;200;"Basketbal Academie Limburg";"Basketba";804679;3103;3103;11993;11;9;36;25;10;26;8;25;5;200;"Rotterdam Basketbal";"Rotterda";5,52;5,06;71;89;FALSE;TRUE;75,52;72,06;67,7381818181818;64,0903448275862;66;FALSE;65,914263322884;107,575757575758;134,848484848485;-27,2727272727273;TRUE;0,550847457627119;0,242424242424242;0,166666666666667;0,101694915254237;0,645161290322581;0,275862068965517;0,0757575757575758;0,145161290322581;0,51146931184129;0,402975821450713;0,0855548667079975;0,666666666666667;0,269230769230769;0,5
"59";804681;1771;11480;1771;14;11;34;16;8;25;10;26;12;200;"Landstede Basketbal";"Landsted";804681;11480;11480;1771;27;20;40;21;4;12;7;25;14;200;"Dukes Unlimited";"Dukes Un";6,44;12,42;67;74;FALSE;TRUE;77,44;78,42;66,74;72,2918181818182;70;TRUE;69,5159090909091;95,7142857142857;105,714285714286;-10;TRUE;0,474576271186441;0,285714285714286;0,171428571428571;0,186440677966102;0,519230769230769;0,212121212121212;0,2;0,384615384615385;0,519559902200489;0,382029339853301;0,0984107579462103;0,470588235294118;0,32;0,785714285714286
"60";804681;11480;11480;1771;27;20;40;21;4;12;7;25;14;200;"Dukes Unlimited";"Dukes Un";804681;1771;11480;1771;14;11;34;16;8;25;10;26;12;200;"Landstede Basketbal";"Landsted";12,42;6,44;74;67;TRUE;FALSE;78,42;77,44;72,2918181818182;66,74;70;TRUE;69,5159090909091;105,714285714286;95,7142857142857;10;FALSE;0,519230769230769;0,212121212121212;0,2;0,384615384615385;0,474576271186441;0,285714285714286;0,171428571428571;0,186440677966102;0,620925178515989;0,186277553554797;0,192797267929215;0,525;0,333333333333333;0,740740740740741
"61";804683;8594;10757;8594;5;5;40;18;15;35;16;39;6;200;"Donar Groningen";"Donar Gr";804683;10757;10757;8594;13;11;41;13;6;28;9;25;4;200;"BC APOLLO Amsterdam";"BC APOLL";2,3;5,98;86;55;TRUE;FALSE;83,3;78,98;65,7624390243902;68,94875;67;FALSE;67,3555945121951;128,358208955224;82,089552238806;46,2686567164179;TRUE;0,54;0,390243902439024;0,0895522388059701;0,0666666666666667;0,318840579710145;0,1875;0,0597014925373134;0,159420289855072;0,517464424320828;0,452781371280724;0,0297542043984476;0,45;0,428571428571429;1
"62";804683;10757;10757;8594;13;11;41;13;6;28;9;25;4;200;"BC APOLLO Amsterdam";"BC APOLL";804683;8594;10757;8594;5;5;40;18;15;35;16;39;6;200;"Donar Groningen";"Donar Gr";5,98;2,3;55;86;FALSE;TRUE;78,98;83,3;68,94875;65,7624390243902;67;FALSE;67,3555945121951;82,089552238806;128,358208955224;-46,2686567164179;FALSE;0,318840579710145;0,1875;0,0597014925373134;0,159420289855072;0,54;0,390243902439024;0,0895522388059701;0,0666666666666667;0,546812483328888;0,373432915444118;0,0797546012269939;0,317073170731707;0,214285714285714;0,846153846153846
"63";804686;3103;3808;3103;25;17;28;15;12;23;2;35;15;200;"Rotterdam Basketbal";"Rotterda";804686;3808;3808;3103;19;14;45;20;6;25;9;26;13;200;"BV Leeuwarden";"BV Leeuw";11,5;8,74;83;72;TRUE;FALSE;77,5;91,74;75,6657142857143;82,11;79;TRUE;78,8878571428571;105,063291139241;91,1392405063291;13,9240506329114;TRUE;0,647058823529412;0,0714285714285714;0,189873417721519;0,333333333333333;0,414285714285714;0,204545454545455;0,164556962025316;0,2;0,448;0,368;0,184;0,535714285714286;0,521739130434783;0,68
"64";804686;3808;3808;3103;19;14;45;20;6;25;9;26;13;200;"BV Leeuwarden";"BV Leeuw";804686;3103;3808;3103;25;17;28;15;12;23;2;35;15;200;"Rotterdam Basketbal";"Rotterda";8,74;11,5;72;83;FALSE;TRUE;91,74;77,5;82,11;75,6657142857143;79;TRUE;78,8878571428571;91,1392405063291;105,063291139241;-13,9240506329114;FALSE;0,414285714285714;0,204545454545455;0,164556962025316;0,2;0,647058823529412;0,0714285714285714;0,189873417721519;0,333333333333333;0,571501143002286;0,31750063500127;0,110998221996444;0,444444444444444;0,24;0,736842105263158
"65";804687;1771;1771;3107;21;14;44;23;9;22;7;23;14;200;"Landstede Basketbal";"Landsted";804687;3107;1771;3107;19;13;49;24;7;22;18;32;15;200;"BS Leiden";"BS Leide";9,66;8,74;87;82;TRUE;FALSE;89,66;94,74;83,1302564102564;75,949756097561;80;TRUE;79,5400062539087;108,75;102,5;6,25;FALSE;0,553030303030303;0,179487179487179;0,175;0,212121212121212;0,485915492957746;0,439024390243902;0,1875;0,183098591549296;0,581549035157283;0,290774517578641;0,127676447264076;0,522727272727273;0,409090909090909;0,666666666666667
"66";804687;3107;1771;3107;19;13;49;24;7;22;18;32;15;200;"BS Leiden";"BS Leide";804687;1771;1771;3107;21;14;44;23;9;22;7;23;14;200;"Landstede Basketbal";"Landsted";8,74;9,66;82;87;FALSE;TRUE;94,74;89,66;75,949756097561;83,1302564102564;80;TRUE;79,5400062539087;102,5;108,75;-6,25;TRUE;0,485915492957746;0,439024390243902;0,1875;0,183098591549296;0,553030303030303;0,179487179487179;0,175;0,212121212121212;0,614497115625784;0,275896664158515;0,109606220215701;0,489795918367347;0,318181818181818;0,684210526315789
"67";804688;3107;3107;10757;10;8;49;23;13;29;13;26;7;200;"BS Leiden";"BS Leide";804688;10757;3107;10757;2;1;27;15;10;40;14;27;24;200;"BC APOLLO Amsterdam";"BC APOLL";4,6;0,92;93;61;TRUE;FALSE;89,6;91,92;74,9945;76,191;76;FALSE;75,59275;122,368421052632;80,2631578947368;42,1052631578947;FALSE;0,544871794871795;0,325;0,0921052631578947;0,102564102564103;0,447761194029851;0,35;0,315789473684211;0,0149253731343284;0,593220338983051;0,351089588377724;0,0556900726392252;0,469387755102041;0,448275862068966;0,8
"68";804688;10757;3107;10757;2;1;27;15;10;40;14;27;24;200;"BC APOLLO Amsterdam";"BC APOLL";804688;3107;3107;10757;10;8;49;23;13;29;13;26;7;200;"BS Leiden";"BS Leide";0,92;4,6;61;93;FALSE;TRUE;91,92;89,6;76,191;74,9945;76;FALSE;75,59275;80,2631578947368;122,368421052632;-42,1052631578947;TRUE;0,447761194029851;0,35;0,315789473684211;0,0149253731343284;0,544871794871795;0,325;0,0921052631578947;0,102564102564103;0,397526501766784;0,588928150765607;0,013545347467609;0,555555555555556;0,25;0,5
"69";804689;3520;3520;3808;10;5;47;31;6;20;9;23;10;200;"BV Noordkop";"BV Noord";804689;3808;3520;3808;11;10;40;21;12;26;10;28;10;200;"BV Leeuwarden";"BV Leeuw";4,6;5,06;85;88;FALSE;TRUE;81,6;81,06;73,7918918918919;70,36;72;FALSE;72,0759459459459;118,055555555556;122,222222222222;-4,16666666666667;FALSE;0,597014925373134;0,243243243243243;0,138888888888889;0,0746268656716418;0,590909090909091;0,303030303030303;0,138888888888889;0,151515151515152;0,656424581005587;0,279329608938548;0,0642458100558659;0,659574468085106;0,3;0,5
"70";804689;3808;3520;3808;11;10;40;21;12;26;10;28;10;200;"BV Leeuwarden";"BV Leeuw";804689;3520;3520;3808;10;5;47;31;6;20;9;23;10;200;"BV Noordkop";"BV Noord";5,06;4,6;88;85;TRUE;FALSE;81,06;81,6;70,36;73,7918918918919;72;FALSE;72,0759459459459;122,222222222222;118,055555555556;4,16666666666667;TRUE;0,590909090909091;0,303030303030303;0,138888888888889;0,151515151515152;0,597014925373134;0,243243243243243;0,138888888888889;0,0746268656716418;0,562904587672389;0,365887981987053;0,0712074303405573;0,525;0,461538461538462;0,909090909090909
"71";804690;8594;8594;11993;21;18;31;21;15;29;5;28;8;200;"Donar Groningen";"Donar Gr";804690;11993;8594;11993;12;9;33;15;7;21;7;22;15;200;"Basketbal Academie Limburg";"Basketba";9,66;5,52;105;60;TRUE;FALSE;77,66;74,52;72,9044444444444;67,672;70;TRUE;70,2882222222222;150;85,7142857142857;64,2857142857143;FALSE;0,725;0,185185185185185;0,114285714285714;0,3;0,472222222222222;0,2;0,214285714285714;0,166666666666667;0,445018662072926;0,416307780648866;0,138673557278208;0,67741935483871;0,517241379310345;0,857142857142857
"72";804690;11993;8594;11993;12;9;33;15;7;21;7;22;15;200;"Basketbal Academie Limburg";"Basketba";804690;8594;8594;11993;21;18;31;21;15;29;5;28;8;200;"Donar Groningen";"Donar Gr";5,52;9,66;60;105;FALSE;TRUE;74,52;77,66;67,672;72,9044444444444;70;TRUE;70,2882222222222;85,7142857142857;150;-64,2857142857143;TRUE;0,472222222222222;0,2;0,214285714285714;0,166666666666667;0,725;0,185185185185185;0,114285714285714;0,3;0,554435483870968;0,352822580645161;0,092741935483871;0,454545454545455;0,333333333333333;0,75
"73";804692;3103;11480;3103;18;12;29;14;8;30;15;22;17;200;"Rotterdam Basketbal";"Rotterda";804692;11480;11480;3103;13;10;33;21;8;29;10;20;12;200;"Dukes Unlimited";"Dukes Un";8,28;5,98;64;76;FALSE;TRUE;84,28;79,98;67,3128571428571;68,945625;68;FALSE;68,1292410714286;94,1176470588235;111,764705882353;-17,6470588235294;TRUE;0,440677966101695;0,428571428571429;0,25;0,203389830508475;0,532258064516129;0,3125;0,176470588235294;0,161290322580645;0,431034482758621;0,44589774078478;0,123067776456599;0,482758620689655;0,266666666666667;0,666666666666667
"74";804692;11480;11480;3103;13;10;33;21;8;29;10;20;12;200;"Dukes Unlimited";"Dukes Un";804692;3103;11480;3103;18;12;29;14;8;30;15;22;17;200;"Rotterdam Basketbal";"Rotterda";5,98;8,28;76;64;TRUE;FALSE;79,98;84,28;68,945625;67,3128571428571;68;FALSE;68,1292410714286;111,764705882353;94,1176470588235;17,6470588235294;FALSE;0,532258064516129;0,3125;0,176470588235294;0,161290322580645;0,440677966101695;0,428571428571429;0,25;0,203389830508475;0,485436893203883;0,426596057664019;0,0879670491320977;0,636363636363636;0,275862068965517;0,769230769230769
"75";804693;10757;10757;11993;29;19;41;19;7;20;16;22;13;200;"BC APOLLO Amsterdam";"BC APOLL";804693;11993;10757;11993;7;5;31;19;16;35;10;23;10;200;"Basketbal Academie Limburg";"Basketba";13,34;3,22;78;91;FALSE;TRUE;87,34;79,22;71,9758974358974;68,854375;70;FALSE;70,4151362179487;111,428571428571;130;-18,5714285714286;FALSE;0,483606557377049;0,41025641025641;0,185714285714286;0,311475409836066;0,651515151515151;0,3125;0,142857142857143;0,0757575757575758;0,551520043045467;0,269034167339252;0,179445789615281;0,463414634146341;0,35;0,655172413793103
"76";804693;11993;10757;11993;7;5;31;19;16;35;10;23;10;200;"Basketbal Academie Limburg";"Basketba";804693;10757;10757;11993;29;19;41;19;7;20;16;22;13;200;"BC APOLLO Amsterdam";"BC APOLL";3,22;13,34;91;78;TRUE;FALSE;79,22;87,34;68,854375;71,9758974358974;70;FALSE;70,4151362179487;130;111,428571428571;18,5714285714286;TRUE;0,651515151515151;0,3125;0,142857142857143;0,0757575757575758;0,483606557377049;0,41025641025641;0,185714285714286;0,311475409836066;0,447847442935568;0,505634209765964;0,0465183472984687;0,612903225806452;0,457142857142857;0,714285714285714
"77";804695;3808;3808;8594;18;17;40;17;2;14;6;16;22;200;"BV Leeuwarden";"BV Leeuw";804695;8594;3808;8594;9;8;34;25;11;26;7;25;18;200;"Donar Groningen";"Donar Gr";8,28;4,14;57;91;FALSE;TRUE;84,28;82,14;77,0316129032258;74,324347826087;76;FALSE;75,6779803646564;75;119,736842105263;-44,7368421052632;FALSE;0,37037037037037;0,193548387096774;0,289473684210526;0,314814814814815;0,691666666666667;0,304347826086957;0,236842105263158;0,133333333333333;0,642260757867694;0,224791265253693;0,132947976878613;0,425;0,142857142857143;0,944444444444444
"78";804695;8594;3808;8594;9;8;34;25;11;26;7;25;18;200;"Donar Groningen";"Donar Gr";804695;3808;3808;8594;18;17;40;17;2;14;6;16;22;200;"BV Leeuwarden";"BV Leeuw";4,14;8,28;91;57;TRUE;FALSE;82,14;84,28;74,324347826087;77,0316129032258;76;FALSE;75,6779803646564;119,736842105263;75;44,7368421052632;TRUE;0,691666666666667;0,304347826086957;0,236842105263158;0,133333333333333;0,37037037037037;0,193548387096774;0,289473684210526;0,314814814814815;0,530090427190521;0,405363267851575;0,0645463049579046;0,735294117647059;0,423076923076923;0,888888888888889
"79";804696;1771;1771;3103;21;14;51;27;7;24;15;25;13;200;"Landstede Basketbal";"Landsted";804696;3103;1771;3103;21;15;34;19;8;28;10;27;20;200;"Rotterdam Basketbal";"Rotterda";9,66;9,66;89;77;TRUE;FALSE;97,66;91,66;81,9921428571429;80,96;81;FALSE;81,4760714285714;109,876543209877;95,0617283950617;14,8148148148148;FALSE;0,5;0,357142857142857;0,160493827160494;0,186666666666667;0,5;0,285714285714286;0,246913580246914;0,241935483870968;0,602409638554217;0,283486888731396;0,114103472714387;0,529411764705882;0,291666666666667;0,666666666666667
"80";804696;3103;1771;3103;21;15;34;19;8;28;10;27;20;200;"Rotterdam Basketbal";"Rotterda";804696;1771;1771;3103;21;14;51;27;7;24;15;25;13;200;"Landstede Basketbal";"Landsted";9,66;9,66;77;89;FALSE;TRUE;91,66;97,66;80,96;81,9921428571429;81;FALSE;81,4760714285714;95,0617283950617;109,876543209877;-14,8148148148148;TRUE;0,5;0,285714285714286;0,246913580246914;0,241935483870968;0,5;0,357142857142857;0,160493827160494;0,186666666666667;0,474462740720067;0,390734021769467;0,134803237510466;0,558823529411765;0,285714285714286;0,714285714285714
"81";804698;1771;3520;1771;18;14;49;30;5;22;13;28;9;200;"Landstede Basketbal";"Landsted";804698;3520;3520;1771;13;12;30;12;6;21;5;22;23;200;"BV Noordkop";"BV Noord";8,28;5,98;89;54;TRUE;FALSE;88,28;79,98;73,9725714285714;74,63;74;FALSE;74,3012857142857;120,27027027027;72,972972972973;47,2972972972973;TRUE;0,528169014084507;0,371428571428571;0,121621621621622;0,197183098591549;0,411764705882353;0,151515151515152;0,310810810810811;0,235294117647059;0,618062563067608;0,277497477295661;0,104439959636731;0,612244897959184;0,227272727272727;0,777777777777778
"82";804698;3520;3520;1771;13;12;30;12;6;21;5;22;23;200;"BV Noordkop";"BV Noord";804698;1771;3520;1771;18;14;49;30;5;22;13;28;9;200;"Landstede Basketbal";"Landsted";5,98;8,28;54;89;FALSE;TRUE;79,98;88,28;74,63;73,9725714285714;74;FALSE;74,3012857142857;72,972972972973;120,27027027027;-47,2972972972973;FALSE;0,411764705882353;0,151515151515152;0,310810810810811;0,235294117647059;0,528169014084507;0,371428571428571;0,121621621621622;0,197183098591549;0,526500526500526;0,368550368550369;0,104949104949105;0,4;0,285714285714286;0,923076923076923
"83";804699;8594;8594;11480;5;3;36;19;8;28;11;29;14;200;"Donar Groningen";"Donar Gr";804699;11480;8594;11480;23;18;28;11;11;29;10;27;8;200;"Dukes Unlimited";"Dukes Un";2,3;10,58;65;73;FALSE;TRUE;80,3;75,58;68,8397368421053;65,9774358974359;67;FALSE;67,4085863697706;97,0149253731343;108,955223880597;-11,9402985074627;FALSE;0,484375;0,289473684210526;0,208955223880597;0,046875;0,482456140350877;0,256410256410256;0,119402985074627;0,315789473684211;0,542986425339367;0,422322775263952;0,0346907993966818;0,527777777777778;0,285714285714286;0,6
"84";804699;11480;8594;11480;23;18;28;11;11;29;10;27;8;200;"Dukes Unlimited";"Dukes Un";804699;8594;8594;11480;5;3;36;19;8;28;11;29;14;200;"Donar Groningen";"Donar Gr";10,58;2,3;73;65;TRUE;FALSE;75,58;80,3;65,9774358974359;68,8397368421053;67;FALSE;67,4085863697706;108,955223880597;97,0149253731343;11,9402985074627;TRUE;0,482456140350877;0,256410256410256;0,119402985074627;0,315789473684211;0,484375;0,289473684210526;0,208955223880597;0,046875;0,414323764427345;0,429121041728322;0,156555193844333;0,392857142857143;0,379310344827586;0,782608695652174
"85";804700;3808;3808;10757;20;18;44;22;6;17;11;26;15;200;"BV Leeuwarden";"BV Leeuw";804700;10757;3808;10757;30;23;31;16;13;27;6;24;8;200;"BC APOLLO Amsterdam";"BC APOLL";9,2;13,8;80;94;FALSE;TRUE;85,2;79,8;74,1025714285714;73,981875;74;FALSE;74,0422232142857;108,108108108108;127,027027027027;-18,9189189189189;FALSE;0,508196721311475;0,314285714285714;0,202702702702703;0,295081967213115;0,612068965517241;0,1875;0,108108108108108;0,396551724137931;0,626780626780627;0,242165242165242;0,131054131054131;0,5;0,352941176470588;0,9
"86";804700;10757;3808;10757;30;23;31;16;13;27;6;24;8;200;"BC APOLLO Amsterdam";"BC APOLL";804700;3808;3808;10757;20;18;44;22;6;17;11;26;15;200;"BV Leeuwarden";"BV Leeuw";13,8;9,2;94;80;TRUE;FALSE;79,8;85,2;73,981875;74,1025714285714;74;FALSE;74,0422232142857;127,027027027027;108,108108108108;18,9189189189189;TRUE;0,612068965517241;0,1875;0,108108108108108;0,396551724137931;0,508196721311475;0,314285714285714;0,202702702702703;0,295081967213115;0,431754874651811;0,376044568245125;0,192200557103064;0,516129032258065;0,481481481481481;0,766666666666667
"87";804702;3107;11993;3107;20;15;52;35;5;16;5;23;7;200;"BS Leiden";"BS Leide";804702;11993;11993;3107;1;1;36;21;10;30;7;25;16;200;"Basketbal Academie Limburg";"Basketba";9,2;0,46;100;73;TRUE;FALSE;84,2;82,46;79,2066666666667;73,7216666666667;76;TRUE;76,4641666666667;131,578947368421;96,0526315789474;35,5263157894737;TRUE;0,625;0,166666666666667;0,0921052631578947;0,220588235294118;0,545454545454545;0,233333333333333;0,210526315789474;0,0151515151515152;0,673575129533679;0,207253886010363;0,119170984455959;0,673076923076923;0,3125;0,75
"88";804702;11993;11993;3107;1;1;36;21;10;30;7;25;16;200;"Basketbal Academie Limburg";"Basketba";804702;3107;11993;3107;20;15;52;35;5;16;5;23;7;200;"BS Leiden";"BS Leide";0,46;9,2;73;100;FALSE;TRUE;82,46;84,2;73,7216666666667;79,2066666666667;76;TRUE;76,4641666666667;96,0526315789474;131,578947368421;-35,5263157894737;FALSE;0,545454545454545;0,233333333333333;0,210526315789474;0,0151515151515152;0,625;0,166666666666667;0,0921052631578947;0,220588235294118;0,541679205537165;0,451399337947638;0,00692145651519711;0,583333333333333;0,333333333333333;1
"89";804703;3808;3808;11993;23;15;37;12;7;23;9;25;10;200;"BV Leeuwarden";"BV Leeuw";804703;11993;3808;11993;11;6;33;18;7;21;7;34;16;200;"Basketbal Academie Limburg";"Basketba";10,58;5,06;60;63;FALSE;TRUE;80,58;75,06;71,3979069767442;68,2721875;70;FALSE;69,8350472383721;85,7142857142857;90;-4,28571428571429;FALSE;0,375;0,209302325581395;0,142857142857143;0,25;0,527777777777778;0,21875;0,228571428571429;0,111111111111111;0,524227826579768;0,325871351657693;0,149900821762539;0,324324324324324;0,304347826086957;0,652173913043478
"90";804703;11993;3808;11993;11;6;33;18;7;21;7;34;16;200;"Basketbal Academie Limburg";"Basketba";804703;3808;3808;11993;23;15;37;12;7;23;9;25;10;200;"BV Leeuwarden";"BV Leeuw";5,06;10,58;63;60;TRUE;FALSE;75,06;80,58;68,2721875;71,3979069767442;70;FALSE;69,8350472383721;90;85,7142857142857;4,28571428571429;TRUE;0,527777777777778;0,21875;0,228571428571429;0,111111111111111;0,375;0,209302325581395;0,142857142857143;0,25;0,558753809685066;0,355570606163224;0,0856755841517101;0,545454545454545;0,333333333333333;0,545454545454545
"91";804705;1771;1771;8594;32;25;41;25;5;20;7;26;11;200;"Landstede Basketbal";"Landsted";804705;8594;1771;8594;24;19;34;19;9;35;19;26;11;200;"Donar Groningen";"Donar Gr";14,72;11,04;90;84;TRUE;FALSE;86,72;91,04;79,6839393939394;72,5171111111111;76;TRUE;76,1005252525252;118,421052631579;110,526315789474;7,89473684210526;FALSE;0,532786885245902;0,212121212121212;0,144736842105263;0,409836065573771;0,471014492753623;0,422222222222222;0,144736842105263;0,27536231884058;0,541468568409931;0,264131008980454;0,194400422609614;0,609756097560976;0,25;0,78125
"92";804705;8594;1771;8594;24;19;34;19;9;35;19;26;11;200;"Donar Groningen";"Donar Gr";804705;1771;1771;8594;32;25;41;25;5;20;7;26;11;200;"Landstede Basketbal";"Landsted";11,04;14,72;84;90;FALSE;TRUE;91,04;86,72;72,5171111111111;79,6839393939394;76;TRUE;76,1005252525252;110,526315789474;118,421052631579;-7,89473684210526;TRUE;0,471014492753623;0,422222222222222;0,144736842105263;0,27536231884058;0,532786885245902;0,212121212121212;0,144736842105263;0,409836065573771;0,424787606196902;0,43728135932034;0,137931034482759;0,558823529411765;0,257142857142857;0,791666666666667
"93";804706;10757;10757;11480;16;12;24;12;9;26;3;26;19;200;"BC APOLLO Amsterdam";"BC APOLL";804706;11480;10757;11480;20;9;55;27;8;19;20;26;7;200;"Dukes Unlimited";"Dukes Un";7,36;9,2;63;87;FALSE;TRUE;76,36;90,2;73,15;72,0565217391304;73;FALSE;72,6032608695652;86,3013698630137;119,178082191781;-32,8767123287671;FALSE;0,51;0,103448275862069;0,26027397260274;0,24;0,527027027027027;0,434782608695652;0,0958904109589041;0,121621621621622;0,418410041841004;0,453277545327755;0,128312412831241;0,5;0,346153846153846;0,75
"94";804706;11480;10757;11480;20;9;55;27;8;19;20;26;7;200;"Dukes Unlimited";"Dukes Un";804706;10757;10757;11480;16;12;24;12;9;26;3;26;19;200;"BC APOLLO Amsterdam";"BC APOLL";9,2;7,36;87;63;TRUE;FALSE;90,2;76,36;72,0565217391304;73,15;73;FALSE;72,6032608695652;119,178082191781;86,3013698630137;32,8767123287671;TRUE;0,527027027027027;0,434782608695652;0,0958904109589041;0,121621621621622;0,51;0,103448275862069;0,26027397260274;0,24;0,661057692307692;0,228365384615385;0,110576923076923;0,490909090909091;0,421052631578947;0,45
"95";804707;3103;3107;3103;8;6;30;19;12;30;7;26;23;200;"Rotterdam Basketbal";"Rotterda";804707;3107;3107;3103;14;11;44;28;8;30;11;20;12;200;"BS Leiden";"BS Leide";3,68;6,44;80;91;FALSE;TRUE;86,68;92,44;78,6351851851852;80,3518918918919;79;FALSE;79,4935385385385;101,26582278481;115,189873417722;-13,9240506329114;TRUE;0,616666666666667;0,259259259259259;0,291139240506329;0,1;0,540540540540541;0,297297297297297;0,151898734177215;0,148648648648649;0,471105527638191;0,471105527638191;0,0577889447236181;0,633333333333333;0,4;0,75
"96";804707;3107;3107;3103;14;11;44;28;8;30;11;20;12;200;"BS Leiden";"BS Leide";804707;3103;3107;3103;8;6;30;19;12;30;7;26;23;200;"Rotterdam Basketbal";"Rotterda";6,44;3,68;91;80;TRUE;FALSE;92,44;86,68;80,3518918918919;78,6351851851852;79;FALSE;79,4935385385385;115,189873417722;101,26582278481;13,9240506329114;FALSE;0,540540540540541;0,297297297297297;0,151898734177215;0,148648648648649;0,616666666666667;0,259259259259259;0,291139240506329;0,1;0,546991546494281;0,372948781700646;0,0800596718050721;0,636363636363636;0,266666666666667;0,785714285714286
"97";804708;11480;11993;11480;22;17;36;21;7;30;13;32;13;200;"Dukes Unlimited";"Dukes Un";804708;11993;11993;11480;7;4;23;10;5;26;8;28;26;200;"Basketbal Academie Limburg";"Basketba";10,12;3,22;80;39;TRUE;FALSE;89,12;78,22;76,2278048780488;70,944;74;TRUE;73,5859024390244;108,108108108108;52,7027027027027;55,4054054054054;TRUE;0,477272727272727;0,317073170731707;0,175675675675676;0,257575757575758;0,357142857142857;0,2;0,351351351351351;0,0816326530612245;0,47293746715712;0,394114555964267;0,132947976878613;0,583333333333333;0,233333333333333;0,772727272727273
"98";804708;11993;11993;11480;7;4;23;10;5;26;8;28;26;200;"Basketbal Academie Limburg";"Basketba";804708;11480;11993;11480;22;17;36;21;7;30;13;32;13;200;"Dukes Unlimited";"Dukes Un";3,22;10,12;39;80;FALSE;TRUE;78,22;89,12;70,944;76,2278048780488;74;TRUE;73,5859024390244;52,7027027027027;108,108108108108;-55,4054054054054;FALSE;0,357142857142857;0,2;0,351351351351351;0,0816326530612245;0,477272727272727;0,317073170731707;0,175675675675676;0,257575757575758;0,440444274224435;0,497893527384144;0,0616621983914209;0,434782608695652;0,192307692307692;0,571428571428571
"99";804709;3107;3107;3808;9;7;43;30;4;12;6;20;7;160;"BS Leiden";"BS Leide";804709;3808;3107;3808;10;9;43;26;12;28;10;22;19;240;"BV Leeuwarden";"BV Leeuw";4,14;4,6;79;97;FALSE;TRUE;66,14;94,6;61,325;82,83;72;TRUE;72,0775;109,722222222222;134,722222222222;-25;FALSE;0,654545454545455;0,214285714285714;0,0972222222222222;0,127272727272727;0,619718309859155;0,333333333333333;0,263888888888889;0,126760563380282;0,727088265133581;0,202908353060534;0,0700033818058843;0,697674418604651;0,333333333333333;0,777777777777778
"100";804709;3808;3107;3808;10;9;43;26;12;28;10;22;19;240;"BV Leeuwarden";"BV Leeuw";804709;3107;3107;3808;9;7;43;30;4;12;6;20;7;160;"BS Leiden";"BS Leide";4,6;4,14;97;79;TRUE;FALSE;94,6;66,14;82,83;61,325;72;TRUE;72,0775;134,722222222222;109,722222222222;25;TRUE;0,619718309859155;0,333333333333333;0,263888888888889;0,126760563380282;0,654545454545455;0,214285714285714;0,0972222222222222;0,127272727272727;0,568783068783069;0,37037037037037;0,0608465608465609;0,604651162790698;0,428571428571429;0,9
"101";804710;1771;1771;10757;12;7;52;27;10;22;7;28;8;200;"Landstede Basketbal";"Landsted";804710;10757;1771;10757;5;3;43;18;7;25;8;32;15;200;"BC APOLLO Amsterdam";"BC APOLL";5,52;2,3;91;60;TRUE;FALSE;87,52;85,3;80,4141025641026;75,0755555555556;78;TRUE;77,7448290598291;116,666666666667;76,9230769230769;39,7435897435898;FALSE;0,567567567567568;0,179487179487179;0,102564102564103;0,0945945945945946;0,419117647058824;0,222222222222222;0,192307692307692;0,0441176470588235;0,653923541247485;0,276659959758551;0,0694164989939638;0,519230769230769;0,454545454545455;0,583333333333333
"102";804710;10757;1771;10757;5;3;43;18;7;25;8;32;15;200;"BC APOLLO Amsterdam";"BC APOLL";804710;1771;1771;10757;12;7;52;27;10;22;7;28;8;200;"Landstede Basketbal";"Landsted";2,3;5,52;60;91;FALSE;TRUE;85,3;87,52;75,0755555555556;80,4141025641026;78;TRUE;77,7448290598291;76,9230769230769;116,666666666667;-39,7435897435898;TRUE;0,419117647058824;0,222222222222222;0,192307692307692;0,0441176470588235;0,567567567567568;0,179487179487179;0,102564102564103;0,0945945945945946;0,611664295874822;0,355618776671408;0,0327169274537696;0,418604651162791;0,28;0,6
"103";804711;3103;3103;3520;15;14;38;16;7;25;11;18;19;200;"Rotterdam Basketbal";"Rotterda";804711;3520;3103;3520;15;11;42;22;7;19;8;28;13;200;"BV Noordkop";"BV Noord";6,9;6,9;67;76;FALSE;TRUE;88,9;80,9;76,8282051282051;70,3646153846154;74;TRUE;73,5964102564103;90,5405405405405;102,702702702703;-12,1621621621622;FALSE;0,420634920634921;0,282051282051282;0,256756756756757;0,222222222222222;0,532786885245902;0,307692307692308;0,175675675675676;0,180327868852459;0,543633762517883;0,357653791130186;0,0987124463519313;0,421052631578947;0,28;0,933333333333333
"104";804711;3520;3103;3520;15;11;42;22;7;19;8;28;13;200;"BV Noordkop";"BV Noord";804711;3103;3103;3520;15;14;38;16;7;25;11;18;19;200;"Rotterdam Basketbal";"Rotterda";6,9;6,9;76;67;TRUE;FALSE;80,9;88,9;70,3646153846154;76,8282051282051;74;TRUE;73,5964102564103;102,702702702703;90,5405405405405;12,1621621621622;TRUE;0,532786885245902;0,307692307692308;0,175675675675676;0,180327868852459;0,420634920634921;0,282051282051282;0,256756756756757;0,222222222222222;0,618556701030928;0,279823269513991;0,101620029455081;0,523809523809524;0,368421052631579;0,733333333333333
"105";804713;1771;11993;1771;29;21;44;18;9;29;26;24;8;200;"Landstede Basketbal";"Landsted";804713;11993;11993;1771;16;11;28;17;8;26;8;24;25;200;"Basketbal Academie Limburg";"Basketba";13,34;7,36;84;69;TRUE;FALSE;94,34;86,36;68,7456;78,6025;74;TRUE;73,67405;113,513513513514;93,2432432432432;20,2702702702703;TRUE;0,431506849315068;0,52;0,108108108108108;0,287671232876712;0,537037037037037;0,25;0,337837837837838;0,203703703703704;0,509613157285152;0,335881399119759;0,154505443595089;0,409090909090909;0,310344827586207;0,724137931034483
"106";804713;11993;11993;1771;16;11;28;17;8;26;8;24;25;200;"Basketbal Academie Limburg";"Basketba";804713;1771;11993;1771;29;21;44;18;9;29;26;24;8;200;"Landstede Basketbal";"Landsted";7,36;13,34;69;84;FALSE;TRUE;86,36;94,34;78,6025;68,7456;74;TRUE;73,67405;93,2432432432432;113,513513513514;-20,2702702702703;FALSE;0,537037037037037;0,25;0,337837837837838;0,203703703703704;0,431506849315068;0,52;0,108108108108108;0,287671232876712;0,45632333767927;0,423728813559322;0,119947848761408;0,607142857142857;0,307692307692308;0,6875
"107";804714;3103;8594;3103;12;8;24;12;15;36;5;30;13;200;"Rotterdam Basketbal";"Rotterda";804714;8594;8594;3103;18;10;40;21;9;27;10;28;14;200;"Donar Groningen";"Donar Gr";5,52;8,28;77;79;FALSE;TRUE;78,52;89,28;73,17;79,3825;76;TRUE;76,27625;101,315789473684;103,947368421053;-2,63157894736842;TRUE;0,575;0,151515151515152;0,171052631578947;0,133333333333333;0,514925373134328;0,25;0,184210526315789;0,149253731343284;0,366300366300366;0,549450549450549;0,0842490842490843;0,5;0,416666666666667;0,666666666666667
"108";804714;8594;8594;3103;18;10;40;21;9;27;10;28;14;200;"Donar Groningen";"Donar Gr";804714;3103;8594;3103;12;8;24;12;15;36;5;30;13;200;"Rotterdam Basketbal";"Rotterda";8,28;5,52;79;77;TRUE;FALSE;89,28;78,52;79,3825;73,17;76;TRUE;76,27625;103,947368421053;101,315789473684;2,63157894736842;FALSE;0,514925373134328;0,25;0,184210526315789;0,149253731343284;0,575;0,151515151515152;0,171052631578947;0,133333333333333;0,53134962805526;0,358660998937301;0,109989373007439;0,525;0,333333333333333;0,555555555555556
"109";804715;3808;11480;3808;14;10;33;21;7;25;8;26;19;200;"BV Leeuwarden";"BV Leeuw";804715;11480;11480;3808;24;20;36;23;6;23;7;23;10;200;"Dukes Unlimited";"Dukes Un";6,44;11,04;73;84;FALSE;TRUE;83,44;80,04;75,1561290322581;73,2309090909091;74;FALSE;74,1935190615836;98,6486486486486;113,513513513514;-14,8648648648649;TRUE;0,543103448275862;0,258064516129032;0,256756756756757;0,172413793103448;0,542372881355932;0,212121212121212;0,135135135135135;0,338983050847458;0,512104283054004;0,387957790192427;0,0999379267535692;0,636363636363636;0,28;0,714285714285714
"110";804715;11480;11480;3808;24;20;36;23;6;23;7;23;10;200;"Dukes Unlimited";"Dukes Un";804715;3808;11480;3808;14;10;33;21;7;25;8;26;19;200;"BV Leeuwarden";"BV Leeuw";11,04;6,44;84;73;TRUE;FALSE;80,04;83,44;73,2309090909091;75,1561290322581;74;FALSE;74,1935190615836;113,513513513514;98,6486486486486;14,8648648648649;FALSE;0,542372881355932;0,212121212121212;0,135135135135135;0,338983050847458;0,543103448275862;0,258064516129032;0,256756756756757;0,172413793103448;0,513992004568818;0,328383780696745;0,157624214734437;0,638888888888889;0,260869565217391;0,833333333333333
"111";804717;3107;3520;3107;15;11;39;25;12;26;8;29;10;200;"BS Leiden";"BS Leide";804717;3520;3520;3107;2;0;42;17;14;26;9;20;15;200;"BV Noordkop";"BV Noord";6,9;0,92;97;76;TRUE;FALSE;81,9;83,92;73,34;74,5434210526316;74;FALSE;73,9417105263158;131,081081081081;102,702702702703;28,3783783783784;TRUE;0,661538461538462;0,285714285714286;0,135135135135135;0,169230769230769;0,558823529411765;0,236842105263158;0,202702702702703;0;0,542420027816412;0,361613351877608;0,0959666203059805;0,641025641025641;0,461538461538462;0,733333333333333
"112";804717;3520;3520;3107;2;0;42;17;14;26;9;20;15;200;"BV Noordkop";"BV Noord";804717;3107;3520;3107;15;11;39;25;12;26;8;29;10;200;"BS Leiden";"BS Leide";0,92;6,9;76;97;FALSE;TRUE;83,92;81,9;74,5434210526316;73,34;74;FALSE;73,9417105263158;102,702702702703;131,081081081081;-28,3783783783784;FALSE;0,558823529411765;0,236842105263158;0,202702702702703;0;0,661538461538462;0,285714285714286;0,135135135135135;0,169230769230769;0,609402205455601;0,377248984329658;0,0133488102147417;0,404761904761905;0,538461538461538;0
"113";804718;3103;3103;10757;17;14;52;30;5;23;11;29;12;225;"Rotterdam Basketbal";"Rotterda";804718;10757;3103;10757;18;13;47;24;10;39;21;33;11;225;"BC APOLLO Amsterdam";"BC APOLL";7,82;8,28;89;91;FALSE;TRUE;94,82;105,28;84,12;81,9112;83;FALSE;73,7916444444444;107,228915662651;109,638554216867;-2,40963855421687;FALSE;0,5;0,25;0,144578313253012;0,186666666666667;0,453488372093023;0,42;0,132530120481928;0,151162790697674;0,627867664815262;0,277710697899058;0,0944216372856798;0,576923076923077;0,217391304347826;0,823529411764706
"114";804718;10757;3103;10757;18;13;47;24;10;39;21;33;11;225;"BC APOLLO Amsterdam";"BC APOLL";804718;3103;3103;10757;17;14;52;30;5;23;11;29;12;225;"Rotterdam Basketbal";"Rotterda";8,28;7,82;91;89;TRUE;FALSE;105,28;94,82;81,9112;84,12;83;FALSE;73,7916444444444;109,638554216867;107,228915662651;2,40963855421687;TRUE;0,453488372093023;0,42;0,132530120481928;0,151162790697674;0,5;0,25;0,144578313253012;0,186666666666667;0,49851506151888;0,413661434026305;0,0878235044548155;0,51063829787234;0,256410256410256;0,722222222222222
"115";804720;1771;3808;1771;20;15;42;26;5;23;13;40;10;200;"Landstede Basketbal";"Landsted";804720;3808;3808;1771;18;10;37;16;4;26;10;22;11;200;"BV Leeuwarden";"BV Leeuw";9,2;8,28;82;54;TRUE;FALSE;84,2;82,28;70,6874285714286;73,078;72;FALSE;71,8827142857143;113,888888888889;75;38,8888888888889;TRUE;0,515384615384615;0,371428571428571;0,138888888888889;0,230769230769231;0,349206349206349;0,2;0,152777777777778;0,158730158730159;0,566037735849057;0,309973045822102;0,123989218328841;0,619047619047619;0,217391304347826;0,75
"116";804720;3808;3808;1771;18;10;37;16;4;26;10;22;11;200;"BV Leeuwarden";"BV Leeuw";804720;1771;3808;1771;20;15;42;26;5;23;13;40;10;200;"Landstede Basketbal";"Landsted";8,28;9,2;54;82;FALSE;TRUE;82,28;84,2;73,078;70,6874285714286;72;FALSE;71,8827142857143;75;113,888888888889;-38,8888888888889;FALSE;0,349206349206349;0,2;0,152777777777778;0,158730158730159;0,515384615384615;0,371428571428571;0,138888888888889;0,230769230769231;0,519079685746352;0,364758698092031;0,116161616161616;0,432432432432432;0,153846153846154;0,555555555555556
"117";804721;3107;11480;3107;11;6;39;21;8;22;11;26;15;200;"BS Leiden";"BS Leide";804721;11480;11480;3107;14;9;37;14;10;18;9;19;16;200;"Dukes Unlimited";"Dukes Un";5,06;6,44;72;67;TRUE;FALSE;81,06;77,44;68,5053333333333;68,9105714285714;69;FALSE;68,7079523809524;104,347826086957;97,1014492753623;7,2463768115942;TRUE;0,540983606557377;0,366666666666667;0,217391304347826;0,0983606557377049;0,527272727272727;0,257142857142857;0,231884057971014;0,163636363636364;0,590372388737511;0,333030578262186;0,0765970330003028;0,538461538461538;0,363636363636364;0,545454545454545
"118";804721;11480;11480;3107;14;9;37;14;10;18;9;19;16;200;"Dukes Unlimited";"Dukes Un";804721;3107;11480;3107;11;6;39;21;8;22;11;26;15;200;"BS Leiden";"BS Leide";6,44;5,06;67;72;FALSE;TRUE;77,44;81,06;68,9105714285714;68,5053333333333;69;FALSE;68,7079523809524;97,1014492753623;104,347826086957;-7,2463768115942;FALSE;0,527272727272727;0,257142857142857;0,231884057971014;0,163636363636364;0,540983606557377;0,366666666666667;0,217391304347826;0,0983606557377049;0,602213541666667;0,29296875;0,104817708333333;0,378378378378378;0,555555555555556;0,642857142857143
"119";804722;3520;3520;8594;9;6;38;19;13;27;3;17;12;200;"BV Noordkop";"BV Noord";804722;8594;3520;8594;19;16;39;23;16;30;11;35;11;200;"Donar Groningen";"Donar Gr";4,14;8,74;83;110;FALSE;TRUE;81,14;88,74;78,3523684210526;76,1292857142857;77;FALSE;77,2408270676692;107,792207792208;142,857142857143;-35,0649350649351;FALSE;0,592307692307692;0,0789473684210526;0,155844155844156;0,0923076923076923;0,681159420289855;0,392857142857143;0,142857142857143;0,231884057971014;0,549609487995372;0,39051200462829;0,0598785073763379;0,5;0,481481481481481;0,666666666666667
"120";804722;8594;3520;8594;19;16;39;23;16;30;11;35;11;200;"Donar Groningen";"Donar Gr";804722;3520;3520;8594;9;6;38;19;13;27;3;17;12;200;"BV Noordkop";"BV Noord";8,74;4,14;110;83;TRUE;FALSE;88,74;81,14;76,1292857142857;78,3523684210526;77;FALSE;77,2408270676692;142,857142857143;107,792207792208;35,0649350649351;TRUE;0,681159420289855;0,392857142857143;0,142857142857143;0,231884057971014;0,592307692307692;0,0789473684210526;0,155844155844156;0,0923076923076923;0,501672240802676;0,385901723694366;0,112426035502959;0,58974358974359;0,533333333333333;0,842105263157895
"121";804724;3520;10757;3520;14;10;49;29;3;15;9;36;11;200;"BV Noordkop";"BV Noord";804724;10757;10757;3520;8;5;39;24;5;33;12;22;5;200;"BC APOLLO Amsterdam";"BC APOLL";6,44;3,68;77;68;TRUE;FALSE;81,44;80,68;71,4993548387097;69,1775;70;FALSE;70,3384274193548;110;97,1428571428571;12,8571428571429;TRUE;0,5234375;0,290322580645161;0,157142857142857;0,15625;0,4375;0,25;0,0714285714285714;0,0694444444444444;0,695627484383873;0,212947189097104;0,0914253265190233;0,591836734693878;0,2;0,714285714285714
"122";804724;10757;10757;3520;8;5;39;24;5;33;12;22;5;200;"BC APOLLO Amsterdam";"BC APOLL";804724;3520;10757;3520;14;10;49;29;3;15;9;36;11;200;"BV Noordkop";"BV Noord";3,68;6,44;68;77;FALSE;TRUE;80,68;81,44;69,1775;71,4993548387097;70;FALSE;70,3384274193548;97,1428571428571;110;-12,8571428571429;FALSE;0,4375;0,25;0,0714285714285714;0,0694444444444444;0,5234375;0,290322580645161;0,157142857142857;0,15625;0,515327695560254;0,436046511627907;0,0486257928118393;0,615384615384615;0,151515151515152;0,625
"123";804725;1771;1771;11480;22;19;32;13;6;25;13;25;14;183;"Landstede Basketbal";"Landsted";804725;11480;1771;11480;21;17;46;19;6;20;14;29;19;217;"Dukes Unlimited";"Dukes Un";10,12;9,66;63;73;FALSE;TRUE;81,12;94,66;68,5347619047619;78,9117948717949;74;TRUE;73,7232783882784;85,1351351351351;98,6486486486486;-13,5135135135135;FALSE;0,385964912280702;0,30952380952381;0,189189189189189;0,333333333333333;0,424242424242424;0,358974358974359;0,256756756756757;0,257575757575758;0,476758045292014;0,372467222884386;0,1507747318236;0,40625;0,24;0,863636363636364
"124";804725;11480;1771;11480;21;17;46;19;6;20;14;29;19;217;"Dukes Unlimited";"Dukes Un";804725;1771;1771;11480;22;19;32;13;6;25;13;25;14;183;"Landstede Basketbal";"Landsted";9,66;10,12;73;63;TRUE;FALSE;94,66;81,12;78,9117948717949;68,5347619047619;74;TRUE;73,7232783882784;98,6486486486486;85,1351351351351;13,5135135135135;TRUE;0,424242424242424;0,358974358974359;0,256756756756757;0,257575757575758;0,385964912280702;0,30952380952381;0,189189189189189;0,333333333333333;0,607983082209886;0,264340470526038;0,127676447264076;0,41304347826087;0,3;0,80952380952381
"125";804726;3103;11993;3103;30;24;47;19;2;26;17;36;17;225;"Rotterdam Basketbal";"Rotterda";804726;11993;11993;3103;17;13;37;15;9;41;21;32;24;225;"Basketbal Academie Limburg";"Basketba";13,8;7,82;68;70;FALSE;TRUE;103,8;109,82;84,4963265306122;88,5326315789474;87;TRUE;76,9017591598043;78,1609195402299;80,4597701149425;-2,29885057471265;TRUE;0,301369863013699;0,346938775510204;0,195402298850575;0,328767123287671;0,365384615384615;0,368421052631579;0,275862068965517;0,166666666666667;0,54147465437788;0,299539170506912;0,158986175115207;0,404255319148936;0,0769230769230769;0,8
"126";804726;11993;11993;3103;17;13;37;15;9;41;21;32;24;225;"Basketbal Academie Limburg";"Basketba";804726;3103;11993;3103;30;24;47;19;2;26;17;36;17;225;"Rotterdam Basketbal";"Rotterda";7,82;13,8;70;68;TRUE;FALSE;109,82;103,8;88,5326315789474;84,4963265306122;87;TRUE;76,9017591598043;80,4597701149425;78,1609195402299;2,29885057471265;FALSE;0,365384615384615;0,368421052631579;0,275862068965517;0,166666666666667;0,301369863013699;0,346938775510204;0,195402298850575;0,328767123287671;0,431134933581916;0,477744115590771;0,091120950827313;0,405405405405405;0,219512195121951;0,764705882352941
"127";804727;3107;8594;3107;20;18;38;19;9;25;13;33;15;200;"BS Leiden";"BS Leide";804727;8594;8594;3107;6;4;37;14;15;32;9;21;10;200;"Donar Groningen";"Donar Gr";9,2;2,76;83;77;TRUE;FALSE;87,2;81,76;72,8808823529412;72,5885714285714;73;FALSE;72,7347268907563;113,698630136986;105,479452054795;8,21917808219177;TRUE;0,515873015873016;0,382352941176471;0,205479452054795;0,285714285714286;0,528985507246377;0,214285714285714;0,136986301369863;0,0579710144927536;0,526315789473684;0,346260387811634;0,127423822714681;0,5;0,36;0,9
"128";804727;8594;8594;3107;6;4;37;14;15;32;9;21;10;200;"Donar Groningen";"Donar Gr";804727;3107;8594;3107;20;18;38;19;9;25;13;33;15;200;"BS Leiden";"BS Leide";2,76;9,2;77;83;FALSE;TRUE;81,76;87,2;72,5885714285714;72,8808823529412;73;FALSE;72,7347268907563;105,479452054795;113,698630136986;-8,21917808219177;FALSE;0,528985507246377;0,214285714285714;0,136986301369863;0,0579710144927536;0,515873015873016;0,382352941176471;0,205479452054795;0,285714285714286;0,515607580824972;0,445930880713489;0,0384615384615385;0,378378378378378;0,46875;0,666666666666667
"129";804728;8594;8594;10757;5;5;47;25;10;24;8;23;9;200;"Donar Groningen";"Donar Gr";804728;10757;8594;10757;8;4;29;18;11;33;10;27;4;200;"BC APOLLO Amsterdam";"BC APOLL";2,3;3,68;85;73;TRUE;FALSE;82,3;69,68;73,4954285714286;58,98;66;TRUE;66,2377142857143;128,787878787879;110,606060606061;18,1818181818182;FALSE;0,563380281690141;0,228571428571429;0,136363636363636;0,0704225352112676;0,556451612903226;0,303030303030303;0,0606060606060606;0,0645161290322581;0,641200545702592;0,327421555252387;0,0313778990450205;0,531914893617021;0,416666666666667;1
"130";804728;10757;8594;10757;8;4;29;18;11;33;10;27;4;200;"BC APOLLO Amsterdam";"BC APOLL";804728;8594;8594;10757;5;5;47;25;10;24;8;23;9;200;"Donar Groningen";"Donar Gr";3,68;2,3;73;85;FALSE;TRUE;69,68;82,3;58,98;73,4954285714286;66;TRUE;66,2377142857143;110,606060606061;128,787878787879;-18,1818181818182;TRUE;0,556451612903226;0,303030303030303;0,0606060606060606;0,0645161290322581;0,563380281690141;0,228571428571429;0,136363636363636;0,0704225352112676;0,441534713763703;0,502436053593179;0,0560292326431181;0,620689655172414;0,333333333333333;0,5
"131";804729;3103;3103;3808;17;11;33;16;12;32;8;24;10;200;"Rotterdam Basketbal";"Rotterda";804729;3808;3103;3808;14;14;37;17;14;33;15;33;15;200;"BV Leeuwarden";"BV Leeuw";7,82;6,44;79;90;FALSE;TRUE;82,82;91,44;75,0951219512195;75,39;75;FALSE;75,2425609756098;105,333333333333;120;-14,6666666666667;FALSE;0,523076923076923;0,195121951219512;0,133333333333333;0,169230769230769;0,542857142857143;0,384615384615385;0,2;0,2;0,453172205438067;0,439439714364186;0,107388080197748;0,484848484848485;0,375;0,647058823529412
"132";804729;3808;3103;3808;14;14;37;17;14;33;15;33;15;200;"BV Leeuwarden";"BV Leeuw";804729;3103;3103;3808;17;11;33;16;12;32;8;24;10;200;"Rotterdam Basketbal";"Rotterda";6,44;7,82;90;79;TRUE;FALSE;91,44;82,82;75,39;75,0951219512195;75;FALSE;75,2425609756098;120;105,333333333333;14,6666666666667;TRUE;0,542857142857143;0,384615384615385;0,2;0,2;0,523076923076923;0,195121951219512;0,133333333333333;0,169230769230769;0,484039769754055;0,43171114599686;0,0842490842490843;0,459459459459459;0,424242424242424;1
"133";804730;3520;3520;11993;24;19;33;19;7;21;6;26;16;200;"BV Noordkop";"BV Noord";804730;11993;3520;11993;16;12;26;8;12;26;8;28;20;200;"Basketbal Academie Limburg";"Basketba";11,04;7,36;78;64;TRUE;FALSE;81,04;79,36;75,7529411764706;71,3035294117647;74;TRUE;73,5282352941176;105,405405405405;86,4864864864865;18,9189189189189;FALSE;0,546296296296296;0,176470588235294;0,216216216216216;0,351851851851852;0,5;0,235294117647059;0,27027027027027;0,230769230769231;0,507380073800738;0,322878228782288;0,169741697416974;0,575757575757576;0,333333333333333;0,791666666666667
"134";804730;11993;3520;11993;16;12;26;8;12;26;8;28;20;200;"Basketbal Academie Limburg";"Basketba";804730;3520;3520;11993;24;19;33;19;7;21;6;26;16;200;"BV Noordkop";"BV Noord";7,36;11,04;64;78;FALSE;TRUE;79,36;81,04;71,3035294117647;75,7529411764706;74;TRUE;73,5282352941176;86,4864864864865;105,405405405405;-18,9189189189189;TRUE;0,5;0,235294117647059;0,27027027027027;0,230769230769231;0,546296296296296;0,176470588235294;0,216216216216216;0,351851851851852;0,43800539083558;0,43800539083558;0,123989218328841;0,307692307692308;0,461538461538462;0,75
"135";804731;1771;3107;1771;18;15;33;19;6;26;9;32;15;200;"Landstede Basketbal";"Landsted";804731;3107;3107;1771;12;9;48;24;8;22;8;26;14;200;"BS Leiden";"BS Leide";8,28;5,52;71;81;FALSE;TRUE;82,28;89,52;72,9251428571429;81,388;77;TRUE;77,1565714285714;92,2077922077922;105,194805194805;-12,987012987013;TRUE;0,474576271186441;0,257142857142857;0,194805194805195;0,254237288135593;0,514285714285714;0,2;0,181818181818182;0,128571428571429;0,490487514863258;0,386444708680143;0,123067776456599;0,575757575757576;0,230769230769231;0,833333333333333
"136";804731;3107;3107;1771;12;9;48;24;8;22;8;26;14;200;"BS Leiden";"BS Leide";804731;1771;3107;1771;18;15;33;19;6;26;9;32;15;200;"Landstede Basketbal";"Landsted";5,52;8,28;81;71;TRUE;FALSE;89,52;82,28;81,388;72,9251428571429;77;TRUE;77,1565714285714;105,194805194805;92,2077922077922;12,987012987013;FALSE;0,514285714285714;0,2;0,181818181818182;0,128571428571429;0,474576271186441;0,257142857142857;0,194805194805195;0,254237288135593;0,635593220338983;0,291313559322034;0,0730932203389831;0,5;0,363636363636364;0,75
"137";804819;3520;3520;11993;27;18;45;30;8;19;4;18;8;200;"BV Noordkop";"BV Noord";804819;11993;3520;11993;5;3;41;26;12;22;9;25;22;203;"Basketbal Academie Limburg";"Basketba";12,42;2,3;102;91;TRUE;FALSE;84,42;87,3;80,5827586206897;78,3833333333333;79;FALSE;78,8913607712273;129,113924050633;115,189873417722;13,9240506329114;FALSE;0,65625;0,137931034482759;0,10126582278481;0,28125;0,698412698412698;0,333333333333333;0,278481012658228;0,0476190476190476;0,588851086103114;0,248626014132426;0,16252289976446;0,666666666666667;0,421052631578947;0,666666666666667
"138";804819;11993;3520;11993;5;3;41;26;12;22;9;25;22;203;"Basketbal Academie Limburg";"Basketba";804819;3520;3520;11993;27;18;45;30;8;19;4;18;8;200;"BV Noordkop";"BV Noord";2,3;12,42;91;102;FALSE;TRUE;87,3;84,42;78,3833333333333;80,5827586206897;79;FALSE;78,8913607712273;115,189873417722;129,113924050633;-13,9240506329114;TRUE;0,698412698412698;0,333333333333333;0,278481012658228;0,0476190476190476;0,65625;0,137931034482759;0,10126582278481;0,28125;0,627871362940276;0,336906584992343;0,0352220520673813;0,634146341463415;0,545454545454545;0,6
"139";822474;1771;1771;12693;11;8;41;20;10;24;7;30;12;200;"Landstede Basketbal";"Landsted";822474;12693;1771;12693;21;14;33;16;6;24;5;32;15;200;"Dutch Windmills";"Dutch Wi";5,06;9,66;78;64;TRUE;FALSE;82,06;81,66;75,3382051282051;76,31;76;FALSE;75,8241025641026;102,631578947368;84,2105263157895;18,4210526315789;FALSE;0,538461538461538;0,179487179487179;0,157894736842105;0,123076923076923;0,43859649122807;0,142857142857143;0,197368421052632;0,245614035087719;0,585212674850128;0,342563516985441;0,0722238081644305;0,48780487804878;0,416666666666667;0,727272727272727
"140";822474;12693;1771;12693;21;14;33;16;6;24;5;32;15;200;"Dutch Windmills";"Dutch Wi";822474;1771;1771;12693;11;8;41;20;10;24;7;30;12;200;"Landstede Basketbal";"Landsted";9,66;5,06;64;78;FALSE;TRUE;81,66;82,06;76,31;75,3382051282051;76;FALSE;75,8241025641026;84,2105263157895;102,631578947368;-18,4210526315789;TRUE;0,43859649122807;0,142857142857143;0,197368421052632;0,245614035087719;0,538461538461538;0,179487179487179;0,157894736842105;0,123076923076923;0,495049504950495;0,36003600360036;0,144914491449145;0,484848484848485;0,25;0,666666666666667
"141";822475;3103;12693;3103;14;7;37;13;9;23;12;34;17;200;"Rotterdam Basketbal";"Rotterda";822475;12693;12693;3103;24;19;45;20;6;23;10;28;4;200;"Dutch Windmills";"Dutch Wi";6,44;11,04;60;77;FALSE;TRUE;83,44;83,04;71,242;72,8263636363636;72;FALSE;72,0341818181818;83,3333333333333;106,944444444444;-23,6111111111111;TRUE;0,441666666666667;0,3;0,236111111111111;0,116666666666667;0,426470588235294;0,227272727272727;0,0555555555555556;0,279411764705882;0,55689343768814;0,346177001806141;0,0969295605057195;0,351351351351351;0,391304347826087;0,5
"142";822475;12693;12693;3103;24;19;45;20;6;23;10;28;4;200;"Dutch Windmills";"Dutch Wi";822475;3103;12693;3103;14;7;37;13;9;23;12;34;17;200;"Rotterdam Basketbal";"Rotterda";11,04;6,44;77;60;TRUE;FALSE;83,04;83,44;72,8263636363636;71,242;72;FALSE;72,0341818181818;106,944444444444;83,3333333333333;23,6111111111111;FALSE;0,426470588235294;0,227272727272727;0,0555555555555556;0,279411764705882;0,441666666666667;0,3;0,236111111111111;0,116666666666667;0,569331983805668;0,290991902834008;0,139676113360324;0,444444444444444;0,260869565217391;0,791666666666667
"143";822476;3520;3520;12693;7;6;46;14;4;17;7;26;10;200;"BV Noordkop";"BV Noord";822476;12693;3520;12693;13;8;35;19;9;24;12;41;16;200;"Dutch Windmills";"Dutch Wi";3,22;5,98;46;73;FALSE;TRUE;76,22;80,98;69,198125;70,5052631578947;70;FALSE;69,8516940789474;65,7142857142857;104,285714285714;-38,5714285714286;FALSE;0,317460317460317;0,145833333333333;0,142857142857143;0,0952380952380952;0,550847457627119;0,315789473684211;0,228571428571429;0,135593220338983;0,694654183026276;0,256720024161885;0,0486257928118393;0,304347826086957;0,235294117647059;0,857142857142857
"144";822476;12693;3520;12693;13;8;35;19;9;24;12;41;16;200;"Dutch Windmills";"Dutch Wi";822476;3520;3520;12693;7;6;46;14;4;17;7;26;10;200;"BV Noordkop";"BV Noord";5,98;3,22;73;46;TRUE;FALSE;80,98;76,22;70,5052631578947;69,198125;70;FALSE;69,8516940789474;104,285714285714;65,7142857142857;38,5714285714286;TRUE;0,550847457627119;0,315789473684211;0,228571428571429;0,135593220338983;0,317460317460317;0,145833333333333;0,142857142857143;0,0952380952380952;0,538627269929209;0,369344413665743;0,0920283164050477;0,542857142857143;0,375;0,615384615384615
"145";822477;10757;12693;10757;17;11;31;17;12;28;6;28;12;200;"BC APOLLO Amsterdam";"BC APOLL";822477;12693;12693;10757;15;15;43;22;12;24;5;26;9;200;"Dutch Windmills";"Dutch Wi";7,82;6,9;81;95;FALSE;TRUE;78,82;82,9;72,80125;77,55;75;TRUE;75,175625;108;126,666666666667;-18,6666666666667;TRUE;0,593220338983051;0,1875;0,16;0,186440677966102;0,597014925373134;0,151515151515152;0,12;0,223880597014925;0,463932954205328;0,419036216701586;0,117030829093086;0,548387096774194;0,428571428571429;0,647058823529412
"146";822477;12693;12693;10757;15;15;43;22;12;24;5;26;9;200;"Dutch Windmills";"Dutch Wi";822477;10757;12693;10757;17;11;31;17;12;28;6;28;12;200;"BC APOLLO Amsterdam";"BC APOLL";6,9;7,82;95;81;TRUE;FALSE;82,9;78,82;77,55;72,80125;75;TRUE;75,175625;126,666666666667;108;18,6666666666667;FALSE;0,597014925373134;0,151515151515152;0,12;0,223880597014925;0,593220338983051;0,1875;0,16;0,186440677966102;0,581867388362652;0,324763193504736;0,0933694181326116;0,511627906976744;0,5;1
"147";822478;11993;11993;12693;12;9;33;14;5;24;11;23;18;200;"Basketbal Academie Limburg";"Basketba";822478;12693;11993;12693;21;12;40;20;6;19;11;28;12;200;"Dutch Windmills";"Dutch Wi";5,52;9,66;52;70;FALSE;TRUE;80,52;80,66;69,0517948717949;69,2361764705882;69;FALSE;69,1439856711916;75,3623188405797;101,449275362319;-26,0869565217391;FALSE;0,37719298245614;0,282051282051282;0,260869565217391;0,157894736842105;0,491525423728814;0,323529411764706;0,173913043478261;0,203389830508475;0,527831094049904;0,383877159309021;0,0882917466410749;0,424242424242424;0,208333333333333;0,75
"148";822478;12693;11993;12693;21;12;40;20;6;19;11;28;12;200;"Dutch Windmills";"Dutch Wi";822478;11993;11993;12693;12;9;33;14;5;24;11;23;18;200;"Basketbal Academie Limburg";"Basketba";9,66;5,52;70;52;TRUE;FALSE;80,66;80,52;69,2361764705882;69,0517948717949;69;FALSE;69,1439856711916;101,449275362319;75,3623188405797;26,0869565217391;TRUE;0,491525423728814;0,323529411764706;0,173913043478261;0,203389830508475;0,37719298245614;0,282051282051282;0,260869565217391;0,157894736842105;0,582580833090591;0,276725895718031;0,140693271191378;0,5;0,315789473684211;0,571428571428571
"149";822479;3808;3808;12693;9;7;38;21;8;28;11;19;13;200;"BV Leeuwarden";"BV Leeuw";822479;12693;3808;12693;16;10;42;22;8;18;17;27;20;200;"Dutch Windmills";"Dutch Wi";4,14;7,36;73;78;FALSE;TRUE;83,14;87,36;71,6797368421053;72,2016666666667;72;FALSE;71,940701754386;101,388888888889;108,333333333333;-6,94444444444444;FALSE;0,5;0,289473684210526;0,180555555555556;0,106060606060606;0,566666666666667;0,472222222222222;0,277777777777778;0,166666666666667;0,541773595665811;0,399201596806387;0,0590248075278015;0,552631578947368;0,285714285714286;0,777777777777778
"150";822479;12693;3808;12693;16;10;42;22;8;18;17;27;20;200;"Dutch Windmills";"Dutch Wi";822479;3808;3808;12693;9;7;38;21;8;28;11;19;13;200;"BV Leeuwarden";"BV Leeuw";7,36;4,14;78;73;TRUE;FALSE;87,36;83,14;72,2016666666667;71,6797368421053;72;FALSE;71,940701754386;108,333333333333;101,388888888889;6,94444444444444;TRUE;0,566666666666667;0,472222222222222;0,277777777777778;0,166666666666667;0,5;0,289473684210526;0,180555555555556;0,106060606060606;0,623515439429929;0,267220902612827;0,109263657957245;0,523809523809524;0,444444444444444;0,625
"151";822480;11480;12693;11480;13;9;26;13;14;41;13;32;11;199;"Dukes Unlimited";"Dukes Un";822480;12693;12693;11480;10;7;37;15;3;15;6;28;20;200;"Dutch Windmills";"Dutch Wi";5,98;4,6;77;46;TRUE;FALSE;83,98;76,6;70,4092682926829;70,8557894736842;71;FALSE;70,8095527650963;108,450704225352;64,7887323943662;43,6619718309859;TRUE;0,507462686567164;0,317073170731707;0,154929577464789;0,134328358208955;0,375;0,157894736842105;0,28169014084507;0,134615384615385;0,356261989586188;0,561797752808989;0,0819402576048232;0,5;0,341463414634146;0,692307692307692
"152";822480;12693;12693;11480;10;7;37;15;3;15;6;28;20;200;"Dutch Windmills";"Dutch Wi";822480;11480;12693;11480;13;9;26;13;14;41;13;32;11;199;"Dukes Unlimited";"Dukes Un";4,6;5,98;46;77;FALSE;TRUE;76,6;83,98;70,8557894736842;70,4092682926829;71;FALSE;70,8095527650963;64,7887323943662;108,450704225352;-43,6619718309859;FALSE;0,375;0,157894736842105;0,28169014084507;0,134615384615385;0,507462686567164;0,317073170731707;0,154929577464789;0,134328358208955;0,653710247349823;0,265017667844523;0,0812720848056537;0,405405405405405;0,2;0,7
"153";822481;1771;12693;1771;14;11;32;22;7;22;5;23;7;200;"Landstede Basketbal";"Landsted";822481;12693;12693;1771;9;3;26;17;4;19;6;20;21;200;"Dutch Windmills";"Dutch Wi";6,44;4,14;76;49;TRUE;FALSE;67,44;70,14;62,09;64,8268965517241;63;FALSE;63,4584482758621;120,634920634921;77,7777777777778;42,8571428571429;TRUE;0,601851851851852;0,2;0,111111111111111;0,203703703703704;0,511111111111111;0,206896551724138;0,333333333333333;0,0666666666666667;0,529450694904037;0,363997352746526;0,106551952349437;0,6875;0,318181818181818;0,785714285714286
"154";822481;12693;12693;1771;9;3;26;17;4;19;6;20;21;200;"Dutch Windmills";"Dutch Wi";822481;1771;12693;1771;14;11;32;22;7;22;5;23;7;200;"Landstede Basketbal";"Landsted";4,14;6,44;49;76;FALSE;TRUE;70,14;67,44;64,8268965517241;62,09;63;FALSE;63,4584482758621;77,7777777777778;120,634920634921;-42,8571428571429;FALSE;0,511111111111111;0,206896551724138;0,333333333333333;0,0666666666666667;0,601851851851852;0,2;0,111111111111111;0,203703703703704;0,529100529100529;0,386650386650387;0,0842490842490843;0,653846153846154;0,210526315789474;0,333333333333333
"155";822482;3107;12693;3107;14;12;40;20;13;25;7;35;11;200;"BS Leiden";"BS Leide";822482;12693;12693;3107;12;5;29;17;9;35;6;23;17;200;"Dutch Windmills";"Dutch Wi";6,44;5,52;91;66;TRUE;FALSE;82,44;86,52;74,4506666666667;80,569756097561;78;TRUE;77,5102113821138;116,666666666667;84,6153846153846;32,0512820512821;TRUE;0,607692307692308;0,233333333333333;0,141025641025641;0,184615384615385;0,4765625;0,146341463414634;0,217948717948718;0,078125;0,559910414333707;0,349944008958567;0,0901455767077268;0,5;0,52;0,857142857142857
"156";822482;12693;12693;3107;12;5;29;17;9;35;6;23;17;200;"Dutch Windmills";"Dutch Wi";822482;3107;12693;3107;14;12;40;20;13;25;7;35;11;200;"BS Leiden";"BS Leide";5,52;6,44;66;91;FALSE;TRUE;86,52;82,44;80,569756097561;74,4506666666667;78;TRUE;77,5102113821138;84,6153846153846;116,666666666667;-32,0512820512821;FALSE;0,4765625;0,146341463414634;0,217948717948718;0,078125;0,607692307692308;0,233333333333333;0,141025641025641;0,184615384615385;0,417146144994246;0,503452243958573;0,0794016110471807;0,586206896551724;0,257142857142857;0,416666666666667
"157";822483;3103;3103;12693;12;8;32;14;11;33;9;28;15;200;"Rotterdam Basketbal";"Rotterda";822483;12693;3103;12693;7;6;37;18;6;25;8;33;17;200;"Dutch Windmills";"Dutch Wi";5,52;3,22;69;60;TRUE;FALSE;85,52;82,22;76,3485714285714;73,1844444444444;75;FALSE;74,7665079365079;92;80;12;FALSE;0,469230769230769;0,214285714285714;0,2;0,123076923076923;0,435483870967742;0,222222222222222;0,226666666666667;0,0967741935483871;0,453771979580261;0,467952353942144;0,078275666477595;0,4375;0,333333333333333;0,666666666666667
"158";822483;12693;3103;12693;7;6;37;18;6;25;8;33;17;200;"Dutch Windmills";"Dutch Wi";822483;3103;3103;12693;12;8;32;14;11;33;9;28;15;200;"Rotterdam Basketbal";"Rotterda";3,22;5,52;60;69;FALSE;TRUE;82,22;85,52;73,1844444444444;76,3485714285714;75;FALSE;74,7665079365079;80;92;-12;TRUE;0,435483870967742;0,222222222222222;0,226666666666667;0,0967741935483871;0,469230769230769;0,214285714285714;0,2;0,123076923076923;0,567310640907697;0,383318000613309;0,0493713584789942;0,486486486486487;0,24;0,857142857142857
"159";822484;3520;12693;3520;10;8;38;13;7;25;8;25;13;200;"BV Noordkop";"BV Noord";822484;12693;12693;3520;8;6;37;23;8;25;7;35;14;200;"Dutch Windmills";"Dutch Wi";4,6;3,68;55;76;FALSE;TRUE;80,6;79,68;72,04;72,4240625;72;FALSE;72,23203125;76,3888888888889;105,555555555556;-29,1666666666667;TRUE;0,373015873015873;0,186046511627907;0,180555555555556;0,126984126984127;0,564516129032258;0,21875;0,194444444444444;0,0967741935483871;0,562130177514793;0,369822485207101;0,0680473372781065;0,342105263157895;0,28;0,8
"160";822484;12693;12693;3520;8;6;37;23;8;25;7;35;14;200;"Dutch Windmills";"Dutch Wi";822484;3520;12693;3520;10;8;38;13;7;25;8;25;13;200;"BV Noordkop";"BV Noord";3,68;4,6;76;55;TRUE;FALSE;79,68;80,6;72,4240625;72,04;72;FALSE;72,23203125;105,555555555556;76,3888888888889;29,1666666666667;FALSE;0,564516129032258;0,21875;0,194444444444444;0,0967741935483871;0,373015873015873;0,186046511627907;0,180555555555556;0,126984126984127;0,563337393422655;0,380633373934227;0,0560292326431181;0,621621621621622;0,32;0,75
"161";822485;8594;8594;12693;9;5;36;16;13;32;11;23;11;200;"Donar Groningen";"Donar Gr";822485;12693;8594;12693;10;9;34;15;12;26;11;29;14;200;"Dutch Windmills";"Dutch Wi";4,14;4,6;76;75;TRUE;FALSE;83,14;78,6;71,66425;67,1761764705882;69;TRUE;69,4202132352941;110,144927536232;108,695652173913;1,44927536231884;FALSE;0,522058823529412;0,275;0,159420289855072;0,0735294117647059;0,55;0,323529411764706;0,202898550724638;0,15;0,49902966454117;0,443581924036596;0,0573884114222346;0,444444444444444;0,40625;0,555555555555556
"162";822485;12693;8594;12693;10;9;34;15;12;26;11;29;14;200;"Dutch Windmills";"Dutch Wi";822485;8594;8594;12693;9;5;36;16;13;32;11;23;11;200;"Donar Groningen";"Donar Gr";4,6;4,14;75;76;FALSE;TRUE;78,6;83,14;67,1761764705882;71,66425;69;TRUE;69,4202132352941;108,695652173913;110,144927536232;-1,44927536231884;TRUE;0,55;0,323529411764706;0,202898550724638;0,15;0,522058823529412;0,275;0,159420289855072;0,0735294117647059;0,526315789473684;0,402476780185759;0,0712074303405573;0,441176470588235;0,461538461538462;0,9
"163";822487;10757;10757;12693;11;4;31;13;13;33;12;31;15;200;"BC APOLLO Amsterdam";"BC APOLL";822487;12693;10757;12693;15;11;40;12;12;30;15;24;10;200;"Dutch Windmills";"Dutch Wi";5,06;6,9;69;71;FALSE;TRUE;84,06;86,9;70,5066666666667;70,85;71;FALSE;70,6783333333333;97,1830985915493;100;-2,8169014084507;FALSE;0,5078125;0,333333333333333;0,211267605633803;0,0625;0,428571428571429;0,326086956521739;0,140845070422535;0,157142857142857;0,448885027512308;0,477845351867941;0,073269620619751;0,419354838709677;0,393939393939394;0,363636363636364
"164";822487;12693;10757;12693;15;11;40;12;12;30;15;24;10;200;"Dutch Windmills";"Dutch Wi";822487;10757;10757;12693;11;4;31;13;13;33;12;31;15;200;"BC APOLLO Amsterdam";"BC APOLL";6,9;5,06;71;69;TRUE;FALSE;86,9;84,06;70,85;70,5066666666667;71;FALSE;70,6783333333333;100;97,1830985915493;2,8169014084507;TRUE;0,428571428571429;0,326086956521739;0,140845070422535;0,157142857142857;0,5078125;0,333333333333333;0,211267605633803;0,0625;0,520156046814044;0,390117035110533;0,0897269180754226;0,3;0,4;0,733333333333333
"165";822488;11993;12693;11993;5;5;28;12;15;36;17;27;16;200;"Basketbal Academie Limburg";"Basketba";822488;12693;12693;11993;18;15;37;20;9;26;8;18;5;200;"Dutch Windmills";"Dutch Wi";2,3;8,28;74;82;FALSE;TRUE;82,3;76,28;63,0705714285714;67,9645714285714;66;TRUE;65,5175714285714;112,121212121212;124,242424242424;-12,1212121212121;TRUE;0,5390625;0,485714285714286;0,242424242424242;0,078125;0,531746031746032;0,228571428571429;0,0757575757575758;0,238095238095238;0,422322775263952;0,542986425339367;0,0346907993966818;0,428571428571429;0,416666666666667;1
"166";822488;12693;12693;11993;18;15;37;20;9;26;8;18;5;200;"Dutch Windmills";"Dutch Wi";822488;11993;12693;11993;5;5;28;12;15;36;17;27;16;200;"Basketbal Academie Limburg";"Basketba";8,28;2,3;82;74;TRUE;FALSE;76,28;82,3;67,9645714285714;63,0705714285714;66;TRUE;65,5175714285714;124,242424242424;112,121212121212;12,1212121212121;FALSE;0,531746031746032;0,228571428571429;0,0757575757575758;0,238095238095238;0,5390625;0,485714285714286;0,242424242424242;0,078125;0,519079685746352;0,364758698092031;0,116161616161616;0,540540540540541;0,346153846153846;0,833333333333333
"167";822489;3808;12693;3808;22;14;39;15;10;24;12;34;19;200;"BV Leeuwarden";"BV Leeuw";822489;12693;12693;3808;12;6;31;19;12;31;4;28;16;200;"Dutch Windmills";"Dutch Wi";10,12;5,52;74;80;FALSE;TRUE;92,12;83,52;79,922;80,0284210526316;80;FALSE;79,9752105263158;92,5;100;-7,5;TRUE;0,476190476190476;0,3;0,2375;0,222222222222222;0,596774193548387;0,105263157894737;0,2;0,0967741935483871;0,533369803063457;0,328227571115974;0,138402625820569;0,384615384615385;0,416666666666667;0,636363636363636
"168";822489;12693;12693;3808;12;6;31;19;12;31;4;28;16;200;"Dutch Windmills";"Dutch Wi";822489;3808;12693;3808;22;14;39;15;10;24;12;34;19;200;"BV Leeuwarden";"BV Leeuw";5,52;10,12;80;74;TRUE;FALSE;83,52;92,12;80,0284210526316;79,922;80;FALSE;79,9752105263158;100;92,5;7,5;FALSE;0,596774193548387;0,105263157894737;0,2;0,0967741935483871;0,476190476190476;0,3;0,2375;0,222222222222222;0,459123222748815;0,459123222748815;0,0817535545023697;0,612903225806452;0,387096774193548;0,5
"169";822490;11480;11480;12693;9;7;43;25;8;19;9;29;8;200;"Dukes Unlimited";"Dukes Un";822490;12693;11480;12693;5;4;34;17;7;27;11;22;13;200;"Dutch Windmills";"Dutch Wi";4,14;2,3;81;59;TRUE;FALSE;74,14;76,3;65,1312903225806;65,41275;65;FALSE;65,2720201612903;124,615384615385;90,7692307692308;33,8461538461538;FALSE;0,596774193548387;0,290322580645161;0,123076923076923;0,112903225806452;0,450819672131148;0,275;0,2;0,0655737704918033;0,65013607499244;0,287269428485032;0,062594496522528;0,581395348837209;0,421052631578947;0,777777777777778
"170";822490;12693;11480;12693;5;4;34;17;7;27;11;22;13;200;"Dutch Windmills";"Dutch Wi";822490;11480;11480;12693;9;7;43;25;8;19;9;29;8;200;"Dukes Unlimited";"Dukes Un";2,3;4,14;59;81;FALSE;TRUE;76,3;74,14;65,41275;65,1312903225806;65;FALSE;65,2720201612903;90,7692307692308;124,615384615385;-33,8461538461538;TRUE;0,450819672131148;0,275;0,2;0,0655737704918033;0,596774193548387;0,290322580645161;0,123076923076923;0,112903225806452;0,537124802527646;0,42654028436019;0,0363349131121643;0,5;0,259259259259259;0,8
